valorcompra,valormanutencao,portas,pessoas,portamalas,nivelseguranca,classes
altissimo,altissimo,2,2,pequeno,baixo,inaceitavel
altissimo,altissimo,2,2,pequeno,medio,inaceitavel
altissimo,altissimo,2,2,pequeno,alto,inaceitavel
altissimo,altissimo,2,2,medio,baixo,inaceitavel
altissimo,altissimo,2,2,medio,medio,inaceitavel
altissimo,altissimo,2,2,medio,alto,inaceitavel
altissimo,altissimo,2,2,grande,baixo,inaceitavel
altissimo,altissimo,2,2,grande,medio,inaceitavel
altissimo,altissimo,2,2,grande,alto,inaceitavel
altissimo,altissimo,2,4,pequeno,baixo,inaceitavel
altissimo,altissimo,2,4,pequeno,medio,inaceitavel
altissimo,altissimo,2,4,pequeno,alto,inaceitavel
altissimo,altissimo,2,4,medio,baixo,inaceitavel
altissimo,altissimo,2,4,medio,medio,inaceitavel
altissimo,altissimo,2,4,medio,alto,inaceitavel
altissimo,altissimo,2,4,grande,baixo,inaceitavel
altissimo,altissimo,2,4,grande,medio,inaceitavel
altissimo,altissimo,2,4,grande,alto,inaceitavel
altissimo,altissimo,2,5mais,pequeno,baixo,inaceitavel
altissimo,altissimo,2,5mais,pequeno,medio,inaceitavel
altissimo,altissimo,2,5mais,pequeno,alto,inaceitavel
altissimo,altissimo,2,5mais,medio,baixo,inaceitavel
altissimo,altissimo,2,5mais,medio,medio,inaceitavel
altissimo,altissimo,2,5mais,medio,alto,inaceitavel
altissimo,altissimo,2,5mais,grande,baixo,inaceitavel
altissimo,altissimo,2,5mais,grande,medio,inaceitavel
altissimo,altissimo,2,5mais,grande,alto,inaceitavel
altissimo,altissimo,3,2,pequeno,baixo,inaceitavel
altissimo,altissimo,3,2,pequeno,medio,inaceitavel
altissimo,altissimo,3,2,pequeno,alto,inaceitavel
altissimo,altissimo,3,2,medio,baixo,inaceitavel
altissimo,altissimo,3,2,medio,medio,inaceitavel
altissimo,altissimo,3,2,medio,alto,inaceitavel
altissimo,altissimo,3,2,grande,baixo,inaceitavel
altissimo,altissimo,3,2,grande,medio,inaceitavel
altissimo,altissimo,3,2,grande,alto,inaceitavel
altissimo,altissimo,3,4,pequeno,baixo,inaceitavel
altissimo,altissimo,3,4,pequeno,medio,inaceitavel
altissimo,altissimo,3,4,pequeno,alto,inaceitavel
altissimo,altissimo,3,4,medio,baixo,inaceitavel
altissimo,altissimo,3,4,medio,medio,inaceitavel
altissimo,altissimo,3,4,medio,alto,inaceitavel
altissimo,altissimo,3,4,grande,baixo,inaceitavel
altissimo,altissimo,3,4,grande,medio,inaceitavel
altissimo,altissimo,3,4,grande,alto,inaceitavel
altissimo,altissimo,3,5mais,pequeno,baixo,inaceitavel
altissimo,altissimo,3,5mais,pequeno,medio,inaceitavel
altissimo,altissimo,3,5mais,pequeno,alto,inaceitavel
altissimo,altissimo,3,5mais,medio,baixo,inaceitavel
altissimo,altissimo,3,5mais,medio,medio,inaceitavel
altissimo,altissimo,3,5mais,medio,alto,inaceitavel
altissimo,altissimo,3,5mais,grande,baixo,inaceitavel
altissimo,altissimo,3,5mais,grande,medio,inaceitavel
altissimo,altissimo,3,5mais,grande,alto,inaceitavel
altissimo,altissimo,4,2,pequeno,baixo,inaceitavel
altissimo,altissimo,4,2,pequeno,medio,inaceitavel
altissimo,altissimo,4,2,pequeno,alto,inaceitavel
altissimo,altissimo,4,2,medio,baixo,inaceitavel
altissimo,altissimo,4,2,medio,medio,inaceitavel
altissimo,altissimo,4,2,medio,alto,inaceitavel
altissimo,altissimo,4,2,grande,baixo,inaceitavel
altissimo,altissimo,4,2,grande,medio,inaceitavel
altissimo,altissimo,4,2,grande,alto,inaceitavel
altissimo,altissimo,4,4,pequeno,baixo,inaceitavel
altissimo,altissimo,4,4,pequeno,medio,inaceitavel
altissimo,altissimo,4,4,pequeno,alto,inaceitavel
altissimo,altissimo,4,4,medio,baixo,inaceitavel
altissimo,altissimo,4,4,medio,medio,inaceitavel
altissimo,altissimo,4,4,medio,alto,inaceitavel
altissimo,altissimo,4,4,grande,baixo,inaceitavel
altissimo,altissimo,4,4,grande,medio,inaceitavel
altissimo,altissimo,4,4,grande,alto,inaceitavel
altissimo,altissimo,4,5mais,pequeno,baixo,inaceitavel
altissimo,altissimo,4,5mais,pequeno,medio,inaceitavel
altissimo,altissimo,4,5mais,pequeno,alto,inaceitavel
altissimo,altissimo,4,5mais,medio,baixo,inaceitavel
altissimo,altissimo,4,5mais,medio,medio,inaceitavel
altissimo,altissimo,4,5mais,medio,alto,inaceitavel
altissimo,altissimo,4,5mais,grande,baixo,inaceitavel
altissimo,altissimo,4,5mais,grande,medio,inaceitavel
altissimo,altissimo,4,5mais,grande,alto,inaceitavel
altissimo,altissimo,5,2,pequeno,baixo,inaceitavel
altissimo,altissimo,5,2,pequeno,medio,inaceitavel
altissimo,altissimo,5,2,pequeno,alto,inaceitavel
altissimo,altissimo,5,2,medio,baixo,inaceitavel
altissimo,altissimo,5,2,medio,medio,inaceitavel
altissimo,altissimo,5,2,medio,alto,inaceitavel
altissimo,altissimo,5,2,grande,baixo,inaceitavel
altissimo,altissimo,5,2,grande,medio,inaceitavel
altissimo,altissimo,5,2,grande,alto,inaceitavel
altissimo,altissimo,5,4,pequeno,baixo,inaceitavel
altissimo,altissimo,5,4,pequeno,medio,inaceitavel
altissimo,altissimo,5,4,pequeno,alto,inaceitavel
altissimo,altissimo,5,4,medio,baixo,inaceitavel
altissimo,altissimo,5,4,medio,medio,inaceitavel
altissimo,altissimo,5,4,medio,alto,inaceitavel
altissimo,altissimo,5,4,grande,baixo,inaceitavel
altissimo,altissimo,5,4,grande,medio,inaceitavel
altissimo,altissimo,5,4,grande,alto,inaceitavel
altissimo,altissimo,5,5mais,pequeno,baixo,inaceitavel
altissimo,altissimo,5,5mais,pequeno,medio,inaceitavel
altissimo,altissimo,5,5mais,pequeno,alto,inaceitavel
altissimo,altissimo,5,5mais,medio,baixo,inaceitavel
altissimo,altissimo,5,5mais,medio,medio,inaceitavel
altissimo,altissimo,5,5mais,medio,alto,inaceitavel
altissimo,altissimo,5,5mais,grande,baixo,inaceitavel
altissimo,altissimo,5,5mais,grande,medio,inaceitavel
altissimo,altissimo,5,5mais,grande,alto,inaceitavel
altissimo,alto,2,2,pequeno,baixo,inaceitavel
altissimo,alto,2,2,pequeno,medio,inaceitavel
altissimo,alto,2,2,pequeno,alto,inaceitavel
altissimo,alto,2,2,medio,baixo,inaceitavel
altissimo,alto,2,2,medio,medio,inaceitavel
altissimo,alto,2,2,medio,alto,inaceitavel
altissimo,alto,2,2,grande,baixo,inaceitavel
altissimo,alto,2,2,grande,medio,inaceitavel
altissimo,alto,2,2,grande,alto,inaceitavel
altissimo,alto,2,4,pequeno,baixo,inaceitavel
altissimo,alto,2,4,pequeno,medio,inaceitavel
altissimo,alto,2,4,pequeno,alto,inaceitavel
altissimo,alto,2,4,medio,baixo,inaceitavel
altissimo,alto,2,4,medio,medio,inaceitavel
altissimo,alto,2,4,medio,alto,inaceitavel
altissimo,alto,2,4,grande,baixo,inaceitavel
altissimo,alto,2,4,grande,medio,inaceitavel
altissimo,alto,2,4,grande,alto,inaceitavel
altissimo,alto,2,5mais,pequeno,baixo,inaceitavel
altissimo,alto,2,5mais,pequeno,medio,inaceitavel
altissimo,alto,2,5mais,pequeno,alto,inaceitavel
altissimo,alto,2,5mais,medio,baixo,inaceitavel
altissimo,alto,2,5mais,medio,medio,inaceitavel
altissimo,alto,2,5mais,medio,alto,inaceitavel
altissimo,alto,2,5mais,grande,baixo,inaceitavel
altissimo,alto,2,5mais,grande,medio,inaceitavel
altissimo,alto,2,5mais,grande,alto,inaceitavel
altissimo,alto,3,2,pequeno,baixo,inaceitavel
altissimo,alto,3,2,pequeno,medio,inaceitavel
altissimo,alto,3,2,pequeno,alto,inaceitavel
altissimo,alto,3,2,medio,baixo,inaceitavel
altissimo,alto,3,2,medio,medio,inaceitavel
altissimo,alto,3,2,medio,alto,inaceitavel
altissimo,alto,3,2,grande,baixo,inaceitavel
altissimo,alto,3,2,grande,medio,inaceitavel
altissimo,alto,3,2,grande,alto,inaceitavel
altissimo,alto,3,4,pequeno,baixo,inaceitavel
altissimo,alto,3,4,pequeno,medio,inaceitavel
altissimo,alto,3,4,pequeno,alto,inaceitavel
altissimo,alto,3,4,medio,baixo,inaceitavel
altissimo,alto,3,4,medio,medio,inaceitavel
altissimo,alto,3,4,medio,alto,inaceitavel
altissimo,alto,3,4,grande,baixo,inaceitavel
altissimo,alto,3,4,grande,medio,inaceitavel
altissimo,alto,3,4,grande,alto,inaceitavel
altissimo,alto,3,5mais,pequeno,baixo,inaceitavel
altissimo,alto,3,5mais,pequeno,medio,inaceitavel
altissimo,alto,3,5mais,pequeno,alto,inaceitavel
altissimo,alto,3,5mais,medio,baixo,inaceitavel
altissimo,alto,3,5mais,medio,medio,inaceitavel
altissimo,alto,3,5mais,medio,alto,inaceitavel
altissimo,alto,3,5mais,grande,baixo,inaceitavel
altissimo,alto,3,5mais,grande,medio,inaceitavel
altissimo,alto,3,5mais,grande,alto,inaceitavel
altissimo,alto,4,2,pequeno,baixo,inaceitavel
altissimo,alto,4,2,pequeno,medio,inaceitavel
altissimo,alto,4,2,pequeno,alto,inaceitavel
altissimo,alto,4,2,medio,baixo,inaceitavel
altissimo,alto,4,2,medio,medio,inaceitavel
altissimo,alto,4,2,medio,alto,inaceitavel
altissimo,alto,4,2,grande,baixo,inaceitavel
altissimo,alto,4,2,grande,medio,inaceitavel
altissimo,alto,4,2,grande,alto,inaceitavel
altissimo,alto,4,4,pequeno,baixo,inaceitavel
altissimo,alto,4,4,pequeno,medio,inaceitavel
altissimo,alto,4,4,pequeno,alto,inaceitavel
altissimo,alto,4,4,medio,baixo,inaceitavel
altissimo,alto,4,4,medio,medio,inaceitavel
altissimo,alto,4,4,medio,alto,inaceitavel
altissimo,alto,4,4,grande,baixo,inaceitavel
altissimo,alto,4,4,grande,medio,inaceitavel
altissimo,alto,4,4,grande,alto,inaceitavel
altissimo,alto,4,5mais,pequeno,baixo,inaceitavel
altissimo,alto,4,5mais,pequeno,medio,inaceitavel
altissimo,alto,4,5mais,pequeno,alto,inaceitavel
altissimo,alto,4,5mais,medio,baixo,inaceitavel
altissimo,alto,4,5mais,medio,medio,inaceitavel
altissimo,alto,4,5mais,medio,alto,inaceitavel
altissimo,alto,4,5mais,grande,baixo,inaceitavel
altissimo,alto,4,5mais,grande,medio,inaceitavel
altissimo,alto,4,5mais,grande,alto,inaceitavel
altissimo,alto,5,2,pequeno,baixo,inaceitavel
altissimo,alto,5,2,pequeno,medio,inaceitavel
altissimo,alto,5,2,pequeno,alto,inaceitavel
altissimo,alto,5,2,medio,baixo,inaceitavel
altissimo,alto,5,2,medio,medio,inaceitavel
altissimo,alto,5,2,medio,alto,inaceitavel
altissimo,alto,5,2,grande,baixo,inaceitavel
altissimo,alto,5,2,grande,medio,inaceitavel
altissimo,alto,5,2,grande,alto,inaceitavel
altissimo,alto,5,4,pequeno,baixo,inaceitavel
altissimo,alto,5,4,pequeno,medio,inaceitavel
altissimo,alto,5,4,pequeno,alto,inaceitavel
altissimo,alto,5,4,medio,baixo,inaceitavel
altissimo,alto,5,4,medio,medio,inaceitavel
altissimo,alto,5,4,medio,alto,inaceitavel
altissimo,alto,5,4,grande,baixo,inaceitavel
altissimo,alto,5,4,grande,medio,inaceitavel
altissimo,alto,5,4,grande,alto,inaceitavel
altissimo,alto,5,5mais,pequeno,baixo,inaceitavel
altissimo,alto,5,5mais,pequeno,medio,inaceitavel
altissimo,alto,5,5mais,pequeno,alto,inaceitavel
altissimo,alto,5,5mais,medio,baixo,inaceitavel
altissimo,alto,5,5mais,medio,medio,inaceitavel
altissimo,alto,5,5mais,medio,alto,inaceitavel
altissimo,alto,5,5mais,grande,baixo,inaceitavel
altissimo,alto,5,5mais,grande,medio,inaceitavel
altissimo,alto,5,5mais,grande,alto,inaceitavel
altissimo,medio,2,2,pequeno,baixo,inaceitavel
altissimo,medio,2,2,pequeno,medio,inaceitavel
altissimo,medio,2,2,pequeno,alto,inaceitavel
altissimo,medio,2,2,medio,baixo,inaceitavel
altissimo,medio,2,2,medio,medio,inaceitavel
altissimo,medio,2,2,medio,alto,inaceitavel
altissimo,medio,2,2,grande,baixo,inaceitavel
altissimo,medio,2,2,grande,medio,inaceitavel
altissimo,medio,2,2,grande,alto,inaceitavel
altissimo,medio,2,4,pequeno,baixo,inaceitavel
altissimo,medio,2,4,pequeno,medio,inaceitavel
altissimo,medio,2,4,pequeno,alto,aceitavel
altissimo,medio,2,4,medio,baixo,inaceitavel
altissimo,medio,2,4,medio,medio,inaceitavel
altissimo,medio,2,4,medio,alto,aceitavel
altissimo,medio,2,4,grande,baixo,inaceitavel
altissimo,medio,2,4,grande,medio,aceitavel
altissimo,medio,2,4,grande,alto,aceitavel
altissimo,medio,2,5mais,pequeno,baixo,inaceitavel
altissimo,medio,2,5mais,pequeno,medio,inaceitavel
altissimo,medio,2,5mais,pequeno,alto,inaceitavel
altissimo,medio,2,5mais,medio,baixo,inaceitavel
altissimo,medio,2,5mais,medio,medio,inaceitavel
altissimo,medio,2,5mais,medio,alto,aceitavel
altissimo,medio,2,5mais,grande,baixo,inaceitavel
altissimo,medio,2,5mais,grande,medio,aceitavel
altissimo,medio,2,5mais,grande,alto,aceitavel
altissimo,medio,3,2,pequeno,baixo,inaceitavel
altissimo,medio,3,2,pequeno,medio,inaceitavel
altissimo,medio,3,2,pequeno,alto,inaceitavel
altissimo,medio,3,2,medio,baixo,inaceitavel
altissimo,medio,3,2,medio,medio,inaceitavel
altissimo,medio,3,2,medio,alto,inaceitavel
altissimo,medio,3,2,grande,baixo,inaceitavel
altissimo,medio,3,2,grande,medio,inaceitavel
altissimo,medio,3,2,grande,alto,inaceitavel
altissimo,medio,3,4,pequeno,baixo,inaceitavel
altissimo,medio,3,4,pequeno,medio,inaceitavel
altissimo,medio,3,4,pequeno,alto,aceitavel
altissimo,medio,3,4,medio,baixo,inaceitavel
altissimo,medio,3,4,medio,medio,inaceitavel
altissimo,medio,3,4,medio,alto,aceitavel
altissimo,medio,3,4,grande,baixo,inaceitavel
altissimo,medio,3,4,grande,medio,aceitavel
altissimo,medio,3,4,grande,alto,aceitavel
altissimo,medio,3,5mais,pequeno,baixo,inaceitavel
altissimo,medio,3,5mais,pequeno,medio,inaceitavel
altissimo,medio,3,5mais,pequeno,alto,aceitavel
altissimo,medio,3,5mais,medio,baixo,inaceitavel
altissimo,medio,3,5mais,medio,medio,aceitavel
altissimo,medio,3,5mais,medio,alto,aceitavel
altissimo,medio,3,5mais,grande,baixo,inaceitavel
altissimo,medio,3,5mais,grande,medio,aceitavel
altissimo,medio,3,5mais,grande,alto,aceitavel
altissimo,medio,4,2,pequeno,baixo,inaceitavel
altissimo,medio,4,2,pequeno,medio,inaceitavel
altissimo,medio,4,2,pequeno,alto,inaceitavel
altissimo,medio,4,2,medio,baixo,inaceitavel
altissimo,medio,4,2,medio,medio,inaceitavel
altissimo,medio,4,2,medio,alto,inaceitavel
altissimo,medio,4,2,grande,baixo,inaceitavel
altissimo,medio,4,2,grande,medio,inaceitavel
altissimo,medio,4,2,grande,alto,inaceitavel
altissimo,medio,4,4,pequeno,baixo,inaceitavel
altissimo,medio,4,4,pequeno,medio,inaceitavel
altissimo,medio,4,4,pequeno,alto,aceitavel
altissimo,medio,4,4,medio,baixo,inaceitavel
altissimo,medio,4,4,medio,medio,aceitavel
altissimo,medio,4,4,medio,alto,aceitavel
altissimo,medio,4,4,grande,baixo,inaceitavel
altissimo,medio,4,4,grande,medio,aceitavel
altissimo,medio,4,4,grande,alto,aceitavel
altissimo,medio,4,5mais,pequeno,baixo,inaceitavel
altissimo,medio,4,5mais,pequeno,medio,inaceitavel
altissimo,medio,4,5mais,pequeno,alto,aceitavel
altissimo,medio,4,5mais,medio,baixo,inaceitavel
altissimo,medio,4,5mais,medio,medio,aceitavel
altissimo,medio,4,5mais,medio,alto,aceitavel
altissimo,medio,4,5mais,grande,baixo,inaceitavel
altissimo,medio,4,5mais,grande,medio,aceitavel
altissimo,medio,4,5mais,grande,alto,aceitavel
altissimo,medio,5,2,pequeno,baixo,inaceitavel
altissimo,medio,5,2,pequeno,medio,inaceitavel
altissimo,medio,5,2,pequeno,alto,inaceitavel
altissimo,medio,5,2,medio,baixo,inaceitavel
altissimo,medio,5,2,medio,medio,inaceitavel
altissimo,medio,5,2,medio,alto,inaceitavel
altissimo,medio,5,2,grande,baixo,inaceitavel
altissimo,medio,5,2,grande,medio,inaceitavel
altissimo,medio,5,2,grande,alto,inaceitavel
altissimo,medio,5,4,pequeno,baixo,inaceitavel
altissimo,medio,5,4,pequeno,medio,inaceitavel
altissimo,medio,5,4,pequeno,alto,aceitavel
altissimo,medio,5,4,medio,baixo,inaceitavel
altissimo,medio,5,4,medio,medio,aceitavel
altissimo,medio,5,4,medio,alto,aceitavel
altissimo,medio,5,4,grande,baixo,inaceitavel
altissimo,medio,5,4,grande,medio,aceitavel
altissimo,medio,5,4,grande,alto,aceitavel
altissimo,medio,5,5mais,pequeno,baixo,inaceitavel
altissimo,medio,5,5mais,pequeno,medio,inaceitavel
altissimo,medio,5,5mais,pequeno,alto,aceitavel
altissimo,medio,5,5mais,medio,baixo,inaceitavel
altissimo,medio,5,5mais,medio,medio,aceitavel
altissimo,medio,5,5mais,medio,alto,aceitavel
altissimo,medio,5,5mais,grande,baixo,inaceitavel
altissimo,medio,5,5mais,grande,medio,aceitavel
altissimo,baixo,2,2,pequeno,baixo,inaceitavel
altissimo,baixo,2,2,pequeno,medio,inaceitavel
altissimo,baixo,2,2,pequeno,alto,inaceitavel
altissimo,baixo,2,2,medio,baixo,inaceitavel
altissimo,baixo,2,2,medio,medio,inaceitavel
altissimo,baixo,2,2,medio,alto,inaceitavel
altissimo,baixo,2,2,grande,baixo,inaceitavel
altissimo,baixo,2,2,grande,medio,inaceitavel
altissimo,baixo,2,2,grande,alto,inaceitavel
altissimo,baixo,2,4,pequeno,baixo,inaceitavel
altissimo,baixo,2,4,pequeno,medio,inaceitavel
altissimo,baixo,2,4,pequeno,alto,aceitavel
altissimo,baixo,2,4,medio,baixo,inaceitavel
altissimo,baixo,2,4,medio,medio,inaceitavel
altissimo,baixo,2,4,medio,alto,aceitavel
altissimo,baixo,2,4,grande,baixo,inaceitavel
altissimo,baixo,2,4,grande,medio,aceitavel
altissimo,baixo,2,4,grande,alto,aceitavel
altissimo,baixo,2,5mais,pequeno,baixo,inaceitavel
altissimo,baixo,2,5mais,pequeno,medio,inaceitavel
altissimo,baixo,2,5mais,pequeno,alto,inaceitavel
altissimo,baixo,2,5mais,medio,baixo,inaceitavel
altissimo,baixo,2,5mais,medio,medio,inaceitavel
altissimo,baixo,2,5mais,medio,alto,aceitavel
altissimo,baixo,2,5mais,grande,baixo,inaceitavel
altissimo,baixo,2,5mais,grande,medio,aceitavel
altissimo,baixo,2,5mais,grande,alto,aceitavel
altissimo,baixo,3,2,pequeno,baixo,inaceitavel
altissimo,baixo,3,2,pequeno,medio,inaceitavel
altissimo,baixo,3,2,pequeno,alto,inaceitavel
altissimo,baixo,3,2,medio,baixo,inaceitavel
altissimo,baixo,3,2,medio,medio,inaceitavel
altissimo,baixo,3,2,medio,alto,inaceitavel
altissimo,baixo,3,2,grande,baixo,inaceitavel
altissimo,baixo,3,2,grande,medio,inaceitavel
altissimo,baixo,3,2,grande,alto,inaceitavel
altissimo,baixo,3,4,pequeno,baixo,inaceitavel
altissimo,baixo,3,4,pequeno,medio,inaceitavel
altissimo,baixo,3,4,pequeno,alto,aceitavel
altissimo,baixo,3,4,medio,baixo,inaceitavel
altissimo,baixo,3,4,medio,medio,inaceitavel
altissimo,baixo,3,4,medio,alto,aceitavel
altissimo,baixo,3,4,grande,baixo,inaceitavel
altissimo,baixo,3,4,grande,medio,aceitavel
altissimo,baixo,3,4,grande,alto,aceitavel
altissimo,baixo,3,5mais,pequeno,baixo,inaceitavel
altissimo,baixo,3,5mais,pequeno,medio,inaceitavel
altissimo,baixo,3,5mais,pequeno,alto,aceitavel
altissimo,baixo,3,5mais,medio,baixo,inaceitavel
altissimo,baixo,3,5mais,medio,medio,aceitavel
altissimo,baixo,3,5mais,medio,alto,aceitavel
altissimo,baixo,3,5mais,grande,baixo,inaceitavel
altissimo,baixo,3,5mais,grande,medio,aceitavel
altissimo,baixo,3,5mais,grande,alto,aceitavel
altissimo,baixo,4,2,pequeno,baixo,inaceitavel
altissimo,baixo,4,2,pequeno,medio,inaceitavel
altissimo,baixo,4,2,pequeno,alto,inaceitavel
altissimo,baixo,4,2,medio,baixo,inaceitavel
altissimo,baixo,4,2,medio,medio,inaceitavel
altissimo,baixo,4,2,medio,alto,inaceitavel
altissimo,baixo,4,2,grande,baixo,inaceitavel
altissimo,baixo,4,2,grande,medio,inaceitavel
altissimo,baixo,4,2,grande,alto,inaceitavel
altissimo,baixo,4,4,pequeno,baixo,inaceitavel
altissimo,baixo,4,4,pequeno,medio,inaceitavel
altissimo,baixo,4,4,pequeno,alto,aceitavel
altissimo,baixo,4,4,medio,baixo,inaceitavel
altissimo,baixo,4,4,medio,medio,aceitavel
altissimo,baixo,4,4,medio,alto,aceitavel
altissimo,baixo,4,4,grande,baixo,inaceitavel
altissimo,baixo,4,4,grande,medio,aceitavel
altissimo,baixo,4,4,grande,alto,aceitavel
altissimo,baixo,4,5mais,pequeno,baixo,inaceitavel
altissimo,baixo,4,5mais,pequeno,medio,inaceitavel
altissimo,baixo,4,5mais,pequeno,alto,aceitavel
altissimo,baixo,4,5mais,medio,baixo,inaceitavel
altissimo,baixo,4,5mais,medio,medio,aceitavel
altissimo,baixo,4,5mais,medio,alto,aceitavel
altissimo,baixo,4,5mais,grande,baixo,inaceitavel
altissimo,baixo,4,5mais,grande,medio,aceitavel
altissimo,baixo,4,5mais,grande,alto,aceitavel
altissimo,baixo,5,2,pequeno,baixo,inaceitavel
altissimo,baixo,5,2,pequeno,medio,inaceitavel
altissimo,baixo,5,2,pequeno,alto,inaceitavel
altissimo,baixo,5,2,medio,baixo,inaceitavel
altissimo,baixo,5,2,medio,medio,inaceitavel
altissimo,baixo,5,2,medio,alto,inaceitavel
altissimo,baixo,5,2,grande,baixo,inaceitavel
altissimo,baixo,5,2,grande,medio,inaceitavel
altissimo,baixo,5,2,grande,alto,inaceitavel
altissimo,baixo,5,4,pequeno,baixo,inaceitavel
altissimo,baixo,5,4,pequeno,medio,inaceitavel
altissimo,baixo,5,4,pequeno,alto,aceitavel
altissimo,baixo,5,4,medio,baixo,inaceitavel
altissimo,baixo,5,4,medio,medio,aceitavel
altissimo,baixo,5,4,medio,alto,aceitavel
altissimo,baixo,5,4,grande,baixo,inaceitavel
altissimo,baixo,5,4,grande,medio,aceitavel
altissimo,baixo,5,4,grande,alto,aceitavel
altissimo,baixo,5,5mais,pequeno,baixo,inaceitavel
altissimo,baixo,5,5mais,pequeno,medio,inaceitavel
altissimo,baixo,5,5mais,pequeno,alto,aceitavel
altissimo,baixo,5,5mais,medio,baixo,inaceitavel
altissimo,baixo,5,5mais,medio,medio,aceitavel
altissimo,baixo,5,5mais,medio,alto,aceitavel
altissimo,baixo,5,5mais,grande,baixo,inaceitavel
altissimo,baixo,5,5mais,grande,medio,aceitavel
altissimo,baixo,5,5mais,grande,alto,aceitavel
alto,altissimo,2,2,pequeno,baixo,inaceitavel
alto,altissimo,2,2,pequeno,medio,inaceitavel
alto,altissimo,2,2,pequeno,alto,inaceitavel
alto,altissimo,2,2,medio,baixo,inaceitavel
alto,altissimo,2,2,medio,medio,inaceitavel
alto,altissimo,2,2,medio,alto,inaceitavel
alto,altissimo,2,2,grande,baixo,inaceitavel
alto,altissimo,2,2,grande,medio,inaceitavel
alto,altissimo,2,2,grande,alto,inaceitavel
alto,altissimo,2,4,pequeno,baixo,inaceitavel
alto,altissimo,2,4,pequeno,medio,inaceitavel
alto,altissimo,2,4,pequeno,alto,inaceitavel
alto,altissimo,2,4,medio,baixo,inaceitavel
alto,altissimo,2,4,medio,medio,inaceitavel
alto,altissimo,2,4,medio,alto,inaceitavel
alto,altissimo,2,4,grande,baixo,inaceitavel
alto,altissimo,2,4,grande,medio,inaceitavel
alto,altissimo,2,4,grande,alto,inaceitavel
alto,altissimo,2,5mais,pequeno,baixo,inaceitavel
alto,altissimo,2,5mais,pequeno,medio,inaceitavel
alto,altissimo,2,5mais,pequeno,alto,inaceitavel
alto,altissimo,2,5mais,medio,baixo,inaceitavel
alto,altissimo,2,5mais,medio,medio,inaceitavel
alto,altissimo,2,5mais,medio,alto,inaceitavel
alto,altissimo,2,5mais,grande,baixo,inaceitavel
alto,altissimo,2,5mais,grande,medio,inaceitavel
alto,altissimo,2,5mais,grande,alto,inaceitavel
alto,altissimo,3,2,pequeno,baixo,inaceitavel
alto,altissimo,3,2,pequeno,medio,inaceitavel
alto,altissimo,3,2,pequeno,alto,inaceitavel
alto,altissimo,3,2,medio,baixo,inaceitavel
alto,altissimo,3,2,medio,medio,inaceitavel
alto,altissimo,3,2,medio,alto,inaceitavel
alto,altissimo,3,2,grande,baixo,inaceitavel
alto,altissimo,3,2,grande,medio,inaceitavel
alto,altissimo,3,2,grande,alto,inaceitavel
alto,altissimo,3,4,pequeno,baixo,inaceitavel
alto,altissimo,3,4,pequeno,medio,inaceitavel
alto,altissimo,3,4,pequeno,alto,inaceitavel
alto,altissimo,3,4,medio,baixo,inaceitavel
alto,altissimo,3,4,medio,medio,inaceitavel
alto,altissimo,3,4,medio,alto,inaceitavel
alto,altissimo,3,4,grande,baixo,inaceitavel
alto,altissimo,3,4,grande,medio,inaceitavel
alto,altissimo,3,4,grande,alto,inaceitavel
alto,altissimo,3,5mais,pequeno,baixo,inaceitavel
alto,altissimo,3,5mais,pequeno,medio,inaceitavel
alto,altissimo,3,5mais,pequeno,alto,inaceitavel
alto,altissimo,3,5mais,medio,baixo,inaceitavel
alto,altissimo,3,5mais,medio,medio,inaceitavel
alto,altissimo,3,5mais,medio,alto,inaceitavel
alto,altissimo,3,5mais,grande,baixo,inaceitavel
alto,altissimo,3,5mais,grande,medio,inaceitavel
alto,altissimo,3,5mais,grande,alto,inaceitavel
alto,altissimo,4,2,pequeno,baixo,inaceitavel
alto,altissimo,4,2,pequeno,medio,inaceitavel
alto,altissimo,4,2,pequeno,alto,inaceitavel
alto,altissimo,4,2,medio,baixo,inaceitavel
alto,altissimo,4,2,medio,medio,inaceitavel
alto,altissimo,4,2,medio,alto,inaceitavel
alto,altissimo,4,2,grande,baixo,inaceitavel
alto,altissimo,4,2,grande,medio,inaceitavel
alto,altissimo,4,2,grande,alto,inaceitavel
alto,altissimo,4,4,pequeno,baixo,inaceitavel
alto,altissimo,4,4,pequeno,medio,inaceitavel
alto,altissimo,4,4,pequeno,alto,inaceitavel
alto,altissimo,4,4,medio,baixo,inaceitavel
alto,altissimo,4,4,medio,medio,inaceitavel
alto,altissimo,4,4,medio,alto,inaceitavel
alto,altissimo,4,4,grande,baixo,inaceitavel
alto,altissimo,4,4,grande,medio,inaceitavel
alto,altissimo,4,4,grande,alto,inaceitavel
alto,altissimo,4,5mais,pequeno,baixo,inaceitavel
alto,altissimo,4,5mais,pequeno,medio,inaceitavel
alto,altissimo,4,5mais,pequeno,alto,inaceitavel
alto,altissimo,4,5mais,medio,baixo,inaceitavel
alto,altissimo,4,5mais,medio,medio,inaceitavel
alto,altissimo,4,5mais,medio,alto,inaceitavel
alto,altissimo,4,5mais,grande,baixo,inaceitavel
alto,altissimo,4,5mais,grande,medio,inaceitavel
alto,altissimo,4,5mais,grande,alto,inaceitavel
alto,altissimo,5,2,pequeno,baixo,inaceitavel
alto,altissimo,5,2,pequeno,medio,inaceitavel
alto,altissimo,5,2,pequeno,alto,inaceitavel
alto,altissimo,5,2,medio,baixo,inaceitavel
alto,altissimo,5,2,medio,medio,inaceitavel
alto,altissimo,5,2,medio,alto,inaceitavel
alto,altissimo,5,2,grande,baixo,inaceitavel
alto,altissimo,5,2,grande,medio,inaceitavel
alto,altissimo,5,2,grande,alto,inaceitavel
alto,altissimo,5,4,pequeno,baixo,inaceitavel
alto,altissimo,5,4,pequeno,medio,inaceitavel
alto,altissimo,5,4,pequeno,alto,inaceitavel
alto,altissimo,5,4,medio,baixo,inaceitavel
alto,altissimo,5,4,medio,medio,inaceitavel
alto,altissimo,5,4,medio,alto,inaceitavel
alto,altissimo,5,4,grande,baixo,inaceitavel
alto,altissimo,5,4,grande,medio,inaceitavel
alto,altissimo,5,4,grande,alto,inaceitavel
alto,altissimo,5,5mais,pequeno,baixo,inaceitavel
alto,altissimo,5,5mais,pequeno,medio,inaceitavel
alto,altissimo,5,5mais,pequeno,alto,inaceitavel
alto,altissimo,5,5mais,medio,baixo,inaceitavel
alto,altissimo,5,5mais,medio,medio,inaceitavel
alto,altissimo,5,5mais,medio,alto,inaceitavel
alto,altissimo,5,5mais,grande,baixo,inaceitavel
alto,altissimo,5,5mais,grande,medio,inaceitavel
alto,altissimo,5,5mais,grande,alto,inaceitavel
alto,alto,2,2,pequeno,baixo,inaceitavel
alto,alto,2,2,pequeno,medio,inaceitavel
alto,alto,2,2,pequeno,alto,inaceitavel
alto,alto,2,2,medio,baixo,inaceitavel
alto,alto,2,2,medio,medio,inaceitavel
alto,alto,2,2,medio,alto,inaceitavel
alto,alto,2,2,grande,baixo,inaceitavel
alto,alto,2,2,grande,medio,inaceitavel
alto,alto,2,2,grande,alto,inaceitavel
alto,alto,2,4,pequeno,baixo,inaceitavel
alto,alto,2,4,pequeno,medio,inaceitavel
alto,alto,2,4,pequeno,alto,aceitavel
alto,alto,2,4,medio,baixo,inaceitavel
alto,alto,2,4,medio,medio,inaceitavel
alto,alto,2,4,medio,alto,aceitavel
alto,alto,2,4,grande,baixo,inaceitavel
alto,alto,2,4,grande,medio,aceitavel
alto,alto,2,4,grande,alto,aceitavel
alto,alto,2,5mais,pequeno,baixo,inaceitavel
alto,alto,2,5mais,pequeno,medio,inaceitavel
alto,alto,2,5mais,pequeno,alto,inaceitavel
alto,alto,2,5mais,medio,baixo,inaceitavel
alto,alto,2,5mais,medio,medio,inaceitavel
alto,alto,2,5mais,medio,alto,aceitavel
alto,alto,2,5mais,grande,baixo,inaceitavel
alto,alto,2,5mais,grande,medio,aceitavel
alto,alto,2,5mais,grande,alto,aceitavel
alto,alto,3,2,pequeno,baixo,inaceitavel
alto,alto,3,2,pequeno,medio,inaceitavel
alto,alto,3,2,pequeno,alto,inaceitavel
alto,alto,3,2,medio,baixo,inaceitavel
alto,alto,3,2,medio,medio,inaceitavel
alto,alto,3,2,medio,alto,inaceitavel
alto,alto,3,2,grande,baixo,inaceitavel
alto,alto,3,2,grande,medio,inaceitavel
alto,alto,3,2,grande,alto,inaceitavel
alto,alto,3,4,pequeno,baixo,inaceitavel
alto,alto,3,4,pequeno,medio,inaceitavel
alto,alto,3,4,pequeno,alto,aceitavel
alto,alto,3,4,medio,baixo,inaceitavel
alto,alto,3,4,medio,medio,inaceitavel
alto,alto,3,4,medio,alto,aceitavel
alto,alto,3,4,grande,baixo,inaceitavel
alto,alto,3,4,grande,medio,aceitavel
alto,alto,3,4,grande,alto,aceitavel
alto,alto,3,5mais,pequeno,baixo,inaceitavel
alto,alto,3,5mais,pequeno,medio,inaceitavel
alto,alto,3,5mais,pequeno,alto,aceitavel
alto,alto,3,5mais,medio,baixo,inaceitavel
alto,alto,3,5mais,medio,medio,aceitavel
alto,alto,3,5mais,medio,alto,aceitavel
alto,alto,3,5mais,grande,baixo,inaceitavel
alto,alto,3,5mais,grande,medio,aceitavel
alto,alto,3,5mais,grande,alto,aceitavel
alto,alto,4,2,pequeno,baixo,inaceitavel
alto,alto,4,2,pequeno,medio,inaceitavel
alto,alto,4,2,pequeno,alto,inaceitavel
alto,alto,4,2,medio,baixo,inaceitavel
alto,alto,4,2,medio,medio,inaceitavel
alto,alto,4,2,medio,alto,inaceitavel
alto,alto,4,2,grande,baixo,inaceitavel
alto,alto,4,2,grande,medio,inaceitavel
alto,alto,4,2,grande,alto,inaceitavel
alto,alto,4,4,pequeno,baixo,inaceitavel
alto,alto,4,4,pequeno,medio,inaceitavel
alto,alto,4,4,pequeno,alto,aceitavel
alto,alto,4,4,medio,baixo,inaceitavel
alto,alto,4,4,medio,medio,aceitavel
alto,alto,4,4,medio,alto,aceitavel
alto,alto,4,4,grande,baixo,inaceitavel
alto,alto,4,4,grande,medio,aceitavel
alto,alto,4,4,grande,alto,aceitavel
alto,alto,4,5mais,pequeno,baixo,inaceitavel
alto,alto,4,5mais,pequeno,medio,inaceitavel
alto,alto,4,5mais,pequeno,alto,aceitavel
alto,alto,4,5mais,medio,baixo,inaceitavel
alto,alto,4,5mais,medio,medio,aceitavel
alto,alto,4,5mais,medio,alto,aceitavel
alto,alto,4,5mais,grande,baixo,inaceitavel
alto,alto,4,5mais,grande,medio,aceitavel
alto,alto,4,5mais,grande,alto,aceitavel
alto,alto,5,2,pequeno,baixo,inaceitavel
alto,alto,5,2,pequeno,medio,inaceitavel
alto,alto,5,2,pequeno,alto,inaceitavel
alto,alto,5,2,medio,baixo,inaceitavel
alto,alto,5,2,medio,medio,inaceitavel
alto,alto,5,2,medio,alto,inaceitavel
alto,alto,5,2,grande,baixo,inaceitavel
alto,alto,5,2,grande,medio,inaceitavel
alto,alto,5,2,grande,alto,inaceitavel
alto,alto,5,4,pequeno,baixo,inaceitavel
alto,alto,5,4,pequeno,medio,inaceitavel
alto,alto,5,4,pequeno,alto,aceitavel
alto,alto,5,4,medio,baixo,inaceitavel
alto,alto,5,4,medio,medio,aceitavel
alto,alto,5,4,medio,alto,aceitavel
alto,alto,5,4,grande,baixo,inaceitavel
alto,alto,5,4,grande,medio,aceitavel
alto,alto,5,4,grande,alto,aceitavel
alto,alto,5,5mais,pequeno,baixo,inaceitavel
alto,alto,5,5mais,pequeno,medio,inaceitavel
alto,alto,5,5mais,pequeno,alto,aceitavel
alto,alto,5,5mais,medio,baixo,inaceitavel
alto,alto,5,5mais,medio,medio,aceitavel
alto,alto,5,5mais,medio,alto,aceitavel
alto,alto,5,5mais,grande,baixo,inaceitavel
alto,alto,5,5mais,grande,medio,aceitavel
alto,alto,5,5mais,grande,alto,aceitavel
alto,medio,2,2,pequeno,baixo,inaceitavel
alto,medio,2,2,pequeno,medio,inaceitavel
alto,medio,2,2,pequeno,alto,inaceitavel
alto,medio,2,2,medio,baixo,inaceitavel
alto,medio,2,2,medio,medio,inaceitavel
alto,medio,2,2,medio,alto,inaceitavel
alto,medio,2,2,grande,baixo,inaceitavel
alto,medio,2,2,grande,medio,inaceitavel
alto,medio,2,2,grande,alto,inaceitavel
alto,medio,2,4,pequeno,baixo,inaceitavel
alto,medio,2,4,pequeno,medio,inaceitavel
alto,medio,2,4,pequeno,alto,aceitavel
alto,medio,2,4,medio,baixo,inaceitavel
alto,medio,2,4,medio,medio,inaceitavel
alto,medio,2,4,medio,alto,aceitavel
alto,medio,2,4,grande,baixo,inaceitavel
alto,medio,2,4,grande,medio,aceitavel
alto,medio,2,4,grande,alto,aceitavel
alto,medio,2,5mais,pequeno,baixo,inaceitavel
alto,medio,2,5mais,pequeno,medio,inaceitavel
alto,medio,2,5mais,pequeno,alto,inaceitavel
alto,medio,2,5mais,medio,baixo,inaceitavel
alto,medio,2,5mais,medio,medio,inaceitavel
alto,medio,2,5mais,medio,alto,aceitavel
alto,medio,2,5mais,grande,baixo,inaceitavel
alto,medio,2,5mais,grande,medio,aceitavel
alto,medio,2,5mais,grande,alto,aceitavel
alto,medio,3,2,pequeno,baixo,inaceitavel
alto,medio,3,2,pequeno,medio,inaceitavel
alto,medio,3,2,pequeno,alto,inaceitavel
alto,medio,3,2,medio,baixo,inaceitavel
alto,medio,3,2,medio,medio,inaceitavel
alto,medio,3,2,medio,alto,inaceitavel
alto,medio,3,2,grande,baixo,inaceitavel
alto,medio,3,2,grande,medio,inaceitavel
alto,medio,3,2,grande,alto,inaceitavel
alto,medio,3,4,pequeno,baixo,inaceitavel
alto,medio,3,4,pequeno,medio,inaceitavel
alto,medio,3,4,pequeno,alto,aceitavel
alto,medio,3,4,medio,baixo,inaceitavel
alto,medio,3,4,medio,medio,inaceitavel
alto,medio,3,4,medio,alto,aceitavel
alto,medio,3,4,grande,baixo,inaceitavel
alto,medio,3,4,grande,medio,aceitavel
alto,medio,3,4,grande,alto,aceitavel
alto,medio,3,5mais,pequeno,baixo,inaceitavel
alto,medio,3,5mais,pequeno,medio,inaceitavel
alto,medio,3,5mais,pequeno,alto,aceitavel
alto,medio,3,5mais,medio,baixo,inaceitavel
alto,medio,3,5mais,medio,medio,aceitavel
alto,medio,3,5mais,medio,alto,aceitavel
alto,medio,3,5mais,grande,baixo,inaceitavel
alto,medio,3,5mais,grande,medio,aceitavel
alto,medio,3,5mais,grande,alto,aceitavel
alto,medio,4,2,pequeno,baixo,inaceitavel
alto,medio,4,2,pequeno,medio,inaceitavel
alto,medio,4,2,pequeno,alto,inaceitavel
alto,medio,4,2,medio,baixo,inaceitavel
alto,medio,4,2,medio,medio,inaceitavel
alto,medio,4,2,medio,alto,inaceitavel
alto,medio,4,2,grande,baixo,inaceitavel
alto,medio,4,2,grande,medio,inaceitavel
alto,medio,4,2,grande,alto,inaceitavel
alto,medio,4,4,pequeno,baixo,inaceitavel
alto,medio,4,4,pequeno,medio,inaceitavel
alto,medio,4,4,pequeno,alto,aceitavel
alto,medio,4,4,medio,baixo,inaceitavel
alto,medio,4,4,medio,medio,aceitavel
alto,medio,4,4,medio,alto,aceitavel
alto,medio,4,4,grande,baixo,inaceitavel
alto,medio,4,4,grande,medio,aceitavel
alto,medio,4,4,grande,alto,aceitavel
alto,medio,4,5mais,pequeno,baixo,inaceitavel
alto,medio,4,5mais,pequeno,medio,inaceitavel
alto,medio,4,5mais,pequeno,alto,aceitavel
alto,medio,4,5mais,medio,baixo,inaceitavel
alto,medio,4,5mais,medio,medio,aceitavel
alto,medio,4,5mais,medio,alto,aceitavel
alto,medio,4,5mais,grande,baixo,inaceitavel
alto,medio,4,5mais,grande,medio,aceitavel
alto,medio,4,5mais,grande,alto,aceitavel
alto,medio,5,2,pequeno,baixo,inaceitavel
alto,medio,5,2,pequeno,medio,inaceitavel
alto,medio,5,2,pequeno,alto,inaceitavel
alto,medio,5,2,medio,baixo,inaceitavel
alto,medio,5,2,medio,medio,inaceitavel
alto,medio,5,2,medio,alto,inaceitavel
alto,medio,5,2,grande,baixo,inaceitavel
alto,medio,5,2,grande,medio,inaceitavel
alto,medio,5,2,grande,alto,inaceitavel
alto,medio,5,4,pequeno,baixo,inaceitavel
alto,medio,5,4,pequeno,medio,inaceitavel
alto,medio,5,4,pequeno,alto,aceitavel
alto,medio,5,4,medio,baixo,inaceitavel
alto,medio,5,4,medio,medio,aceitavel
alto,medio,5,4,medio,alto,aceitavel
alto,medio,5,4,grande,baixo,inaceitavel
alto,medio,5,4,grande,medio,aceitavel
alto,medio,5,4,grande,alto,aceitavel
alto,medio,5,5mais,pequeno,baixo,inaceitavel
alto,medio,5,5mais,pequeno,medio,inaceitavel
alto,medio,5,5mais,pequeno,alto,aceitavel
alto,medio,5,5mais,medio,baixo,inaceitavel
alto,medio,5,5mais,medio,medio,aceitavel
alto,medio,5,5mais,medio,alto,aceitavel
alto,medio,5,5mais,grande,baixo,inaceitavel
alto,medio,5,5mais,grande,medio,aceitavel
alto,medio,5,5mais,grande,alto,aceitavel
alto,baixo,2,2,pequeno,baixo,inaceitavel
alto,baixo,2,2,pequeno,medio,inaceitavel
alto,baixo,2,2,pequeno,alto,inaceitavel
alto,baixo,2,2,medio,baixo,inaceitavel
alto,baixo,2,2,medio,medio,inaceitavel
alto,baixo,2,2,medio,alto,inaceitavel
alto,baixo,2,2,grande,baixo,inaceitavel
alto,baixo,2,2,grande,medio,inaceitavel
alto,baixo,2,2,grande,alto,inaceitavel
alto,baixo,2,4,pequeno,baixo,inaceitavel
alto,baixo,2,4,pequeno,medio,inaceitavel
alto,baixo,2,4,pequeno,alto,aceitavel
alto,baixo,2,4,medio,baixo,inaceitavel
alto,baixo,2,4,medio,medio,inaceitavel
alto,baixo,2,4,medio,alto,aceitavel
alto,baixo,2,4,grande,baixo,inaceitavel
alto,baixo,2,4,grande,medio,aceitavel
alto,baixo,2,4,grande,alto,aceitavel
alto,baixo,2,5mais,pequeno,baixo,inaceitavel
alto,baixo,2,5mais,pequeno,medio,inaceitavel
alto,baixo,2,5mais,pequeno,alto,inaceitavel
alto,baixo,2,5mais,medio,baixo,inaceitavel
alto,baixo,2,5mais,medio,medio,inaceitavel
alto,baixo,2,5mais,medio,alto,aceitavel
alto,baixo,2,5mais,grande,baixo,inaceitavel
alto,baixo,2,5mais,grande,medio,aceitavel
alto,baixo,2,5mais,grande,alto,aceitavel
alto,baixo,3,2,pequeno,baixo,inaceitavel
alto,baixo,3,2,pequeno,medio,inaceitavel
alto,baixo,3,2,pequeno,alto,inaceitavel
alto,baixo,3,2,medio,baixo,inaceitavel
alto,baixo,3,2,medio,medio,inaceitavel
alto,baixo,3,2,medio,alto,inaceitavel
alto,baixo,3,2,grande,baixo,inaceitavel
alto,baixo,3,2,grande,medio,inaceitavel
alto,baixo,3,2,grande,alto,inaceitavel
alto,baixo,3,4,pequeno,baixo,inaceitavel
alto,baixo,3,4,pequeno,medio,inaceitavel
alto,baixo,3,4,pequeno,alto,aceitavel
alto,baixo,3,4,medio,baixo,inaceitavel
alto,baixo,3,4,medio,medio,inaceitavel
alto,baixo,3,4,medio,alto,aceitavel
alto,baixo,3,4,grande,baixo,inaceitavel
alto,baixo,3,4,grande,medio,aceitavel
alto,baixo,3,4,grande,alto,aceitavel
alto,baixo,3,5mais,pequeno,baixo,inaceitavel
alto,baixo,3,5mais,pequeno,medio,inaceitavel
alto,baixo,3,5mais,pequeno,alto,aceitavel
alto,baixo,3,5mais,medio,baixo,inaceitavel
alto,baixo,3,5mais,medio,medio,aceitavel
alto,baixo,3,5mais,medio,alto,aceitavel
alto,baixo,3,5mais,grande,baixo,inaceitavel
alto,baixo,3,5mais,grande,medio,aceitavel
alto,baixo,3,5mais,grande,alto,aceitavel
alto,baixo,4,2,pequeno,baixo,inaceitavel
alto,baixo,4,2,pequeno,medio,inaceitavel
alto,baixo,4,2,pequeno,alto,inaceitavel
alto,baixo,4,2,medio,baixo,inaceitavel
alto,baixo,4,2,medio,medio,inaceitavel
alto,baixo,4,2,medio,alto,inaceitavel
alto,baixo,4,2,grande,baixo,inaceitavel
alto,baixo,4,2,grande,medio,inaceitavel
alto,baixo,4,2,grande,alto,inaceitavel
alto,baixo,4,4,pequeno,baixo,inaceitavel
alto,baixo,4,4,pequeno,medio,inaceitavel
alto,baixo,4,4,pequeno,alto,aceitavel
alto,baixo,4,4,medio,baixo,inaceitavel
alto,baixo,4,4,medio,medio,aceitavel
alto,baixo,4,4,medio,alto,aceitavel
alto,baixo,4,4,grande,baixo,inaceitavel
alto,baixo,4,4,grande,medio,aceitavel
alto,baixo,4,4,grande,alto,aceitavel
alto,baixo,4,5mais,pequeno,baixo,inaceitavel
alto,baixo,4,5mais,pequeno,medio,inaceitavel
alto,baixo,4,5mais,pequeno,alto,aceitavel
alto,baixo,4,5mais,medio,baixo,inaceitavel
alto,baixo,4,5mais,medio,medio,aceitavel
alto,baixo,4,5mais,medio,alto,aceitavel
alto,baixo,4,5mais,grande,baixo,inaceitavel
alto,baixo,4,5mais,grande,medio,aceitavel
alto,baixo,4,5mais,grande,alto,aceitavel
alto,baixo,5,2,pequeno,baixo,inaceitavel
alto,baixo,5,2,pequeno,medio,inaceitavel
alto,baixo,5,2,pequeno,alto,inaceitavel
alto,baixo,5,2,medio,baixo,inaceitavel
alto,baixo,5,2,medio,medio,inaceitavel
alto,baixo,5,2,medio,alto,inaceitavel
alto,baixo,5,2,grande,baixo,inaceitavel
alto,baixo,5,2,grande,medio,inaceitavel
alto,baixo,5,2,grande,alto,inaceitavel
alto,baixo,5,4,pequeno,baixo,inaceitavel
alto,baixo,5,4,pequeno,medio,inaceitavel
alto,baixo,5,4,pequeno,alto,aceitavel
alto,baixo,5,4,medio,baixo,inaceitavel
alto,baixo,5,4,medio,medio,aceitavel
alto,baixo,5,4,medio,alto,aceitavel
alto,baixo,5,4,grande,baixo,inaceitavel
alto,baixo,5,4,grande,medio,aceitavel
alto,baixo,5,4,grande,alto,aceitavel
alto,baixo,5,5mais,pequeno,baixo,inaceitavel
alto,baixo,5,5mais,pequeno,medio,inaceitavel
alto,baixo,5,5mais,pequeno,alto,aceitavel
alto,baixo,5,5mais,medio,baixo,inaceitavel
alto,baixo,5,5mais,medio,medio,aceitavel
alto,baixo,5,5mais,medio,alto,aceitavel
alto,baixo,5,5mais,grande,baixo,inaceitavel
alto,baixo,5,5mais,grande,medio,aceitavel
alto,baixo,5,5mais,grande,alto,aceitavel
medio,altissimo,2,2,pequeno,baixo,inaceitavel
medio,altissimo,2,2,pequeno,medio,inaceitavel
medio,altissimo,2,2,pequeno,alto,inaceitavel
medio,altissimo,2,2,medio,baixo,inaceitavel
medio,altissimo,2,2,medio,medio,inaceitavel
medio,altissimo,2,2,medio,alto,inaceitavel
medio,altissimo,2,2,grande,baixo,inaceitavel
medio,altissimo,2,2,grande,medio,inaceitavel
medio,altissimo,2,2,grande,alto,inaceitavel
medio,altissimo,2,4,pequeno,baixo,inaceitavel
medio,altissimo,2,4,pequeno,medio,inaceitavel
medio,altissimo,2,4,pequeno,alto,aceitavel
medio,altissimo,2,4,medio,baixo,inaceitavel
medio,altissimo,2,4,medio,medio,inaceitavel
medio,altissimo,2,4,medio,alto,aceitavel
medio,altissimo,2,4,grande,baixo,inaceitavel
medio,altissimo,2,4,grande,medio,aceitavel
medio,altissimo,2,4,grande,alto,aceitavel
medio,altissimo,2,5mais,pequeno,baixo,inaceitavel
medio,altissimo,2,5mais,pequeno,medio,inaceitavel
medio,altissimo,2,5mais,pequeno,alto,inaceitavel
medio,altissimo,2,5mais,medio,baixo,inaceitavel
medio,altissimo,2,5mais,medio,medio,inaceitavel
medio,altissimo,2,5mais,medio,alto,aceitavel
medio,altissimo,2,5mais,grande,baixo,inaceitavel
medio,altissimo,2,5mais,grande,medio,aceitavel
medio,altissimo,2,5mais,grande,alto,aceitavel
medio,altissimo,3,2,pequeno,baixo,inaceitavel
medio,altissimo,3,2,pequeno,medio,inaceitavel
medio,altissimo,3,2,pequeno,alto,inaceitavel
medio,altissimo,3,2,medio,baixo,inaceitavel
medio,altissimo,3,2,medio,medio,inaceitavel
medio,altissimo,3,2,medio,alto,inaceitavel
medio,altissimo,3,2,grande,baixo,inaceitavel
medio,altissimo,3,2,grande,medio,inaceitavel
medio,altissimo,3,2,grande,alto,inaceitavel
medio,altissimo,3,4,pequeno,baixo,inaceitavel
medio,altissimo,3,4,pequeno,medio,inaceitavel
medio,altissimo,3,4,pequeno,alto,aceitavel
medio,altissimo,3,4,medio,baixo,inaceitavel
medio,altissimo,3,4,medio,medio,inaceitavel
medio,altissimo,3,4,medio,alto,aceitavel
medio,altissimo,3,4,grande,baixo,inaceitavel
medio,altissimo,3,4,grande,medio,aceitavel
medio,altissimo,3,4,grande,alto,aceitavel
medio,altissimo,3,5mais,pequeno,baixo,inaceitavel
medio,altissimo,3,5mais,pequeno,medio,inaceitavel
medio,altissimo,3,5mais,pequeno,alto,aceitavel
medio,altissimo,3,5mais,medio,baixo,inaceitavel
medio,altissimo,3,5mais,medio,medio,aceitavel
medio,altissimo,3,5mais,medio,alto,aceitavel
medio,altissimo,3,5mais,grande,baixo,inaceitavel
medio,altissimo,3,5mais,grande,medio,aceitavel
medio,altissimo,3,5mais,grande,alto,aceitavel
medio,altissimo,4,2,pequeno,baixo,inaceitavel
medio,altissimo,4,2,pequeno,medio,inaceitavel
medio,altissimo,4,2,pequeno,alto,inaceitavel
medio,altissimo,4,2,medio,baixo,inaceitavel
medio,altissimo,4,2,medio,medio,inaceitavel
medio,altissimo,4,2,medio,alto,inaceitavel
medio,altissimo,4,2,grande,baixo,inaceitavel
medio,altissimo,4,2,grande,medio,inaceitavel
medio,altissimo,4,2,grande,alto,inaceitavel
medio,altissimo,4,4,pequeno,baixo,inaceitavel
medio,altissimo,4,4,pequeno,medio,inaceitavel
medio,altissimo,4,4,pequeno,alto,aceitavel
medio,altissimo,4,4,medio,baixo,inaceitavel
medio,altissimo,4,4,medio,medio,aceitavel
medio,altissimo,4,4,medio,alto,aceitavel
medio,altissimo,4,4,grande,baixo,inaceitavel
medio,altissimo,4,4,grande,medio,aceitavel
medio,altissimo,4,4,grande,alto,aceitavel
medio,altissimo,4,5mais,pequeno,baixo,inaceitavel
medio,altissimo,4,5mais,pequeno,medio,inaceitavel
medio,altissimo,4,5mais,pequeno,alto,aceitavel
medio,altissimo,4,5mais,medio,baixo,inaceitavel
medio,altissimo,4,5mais,medio,medio,aceitavel
medio,altissimo,4,5mais,medio,alto,aceitavel
medio,altissimo,4,5mais,grande,baixo,inaceitavel
medio,altissimo,4,5mais,grande,medio,aceitavel
medio,altissimo,4,5mais,grande,alto,aceitavel
medio,altissimo,5,2,pequeno,baixo,inaceitavel
medio,altissimo,5,2,pequeno,medio,inaceitavel
medio,altissimo,5,2,pequeno,alto,inaceitavel
medio,altissimo,5,2,medio,baixo,inaceitavel
medio,altissimo,5,2,medio,medio,inaceitavel
medio,altissimo,5,2,medio,alto,inaceitavel
medio,altissimo,5,2,grande,baixo,inaceitavel
medio,altissimo,5,2,grande,medio,inaceitavel
medio,altissimo,5,2,grande,alto,inaceitavel
medio,altissimo,5,4,pequeno,baixo,inaceitavel
medio,altissimo,5,4,pequeno,medio,inaceitavel
medio,altissimo,5,4,pequeno,alto,aceitavel
medio,altissimo,5,4,medio,baixo,inaceitavel
medio,altissimo,5,4,medio,medio,aceitavel
medio,altissimo,5,4,medio,alto,aceitavel
medio,altissimo,5,4,grande,baixo,inaceitavel
medio,altissimo,5,4,grande,medio,aceitavel
medio,altissimo,5,4,grande,alto,aceitavel
medio,altissimo,5,5mais,pequeno,baixo,inaceitavel
medio,altissimo,5,5mais,pequeno,medio,inaceitavel
medio,altissimo,5,5mais,pequeno,alto,aceitavel
medio,altissimo,5,5mais,medio,baixo,inaceitavel
medio,altissimo,5,5mais,medio,medio,aceitavel
medio,altissimo,5,5mais,medio,alto,aceitavel
medio,altissimo,5,5mais,grande,baixo,inaceitavel
medio,altissimo,5,5mais,grande,medio,aceitavel
medio,altissimo,5,5mais,grande,alto,aceitavel
medio,alto,2,2,pequeno,baixo,inaceitavel
medio,alto,2,2,pequeno,medio,inaceitavel
medio,alto,2,2,pequeno,alto,inaceitavel
medio,alto,2,2,medio,baixo,inaceitavel
medio,alto,2,2,medio,medio,inaceitavel
medio,alto,2,2,medio,alto,inaceitavel
medio,alto,2,2,grande,baixo,inaceitavel
medio,alto,2,2,grande,medio,inaceitavel
medio,alto,2,2,grande,alto,inaceitavel
medio,alto,2,4,pequeno,baixo,inaceitavel
medio,alto,2,4,pequeno,medio,inaceitavel
medio,alto,2,4,pequeno,alto,aceitavel
medio,alto,2,4,medio,baixo,inaceitavel
medio,alto,2,4,medio,medio,inaceitavel
medio,alto,2,4,medio,alto,aceitavel
medio,alto,2,4,grande,baixo,inaceitavel
medio,alto,2,4,grande,medio,aceitavel
medio,alto,2,4,grande,alto,aceitavel
medio,alto,2,5mais,pequeno,baixo,inaceitavel
medio,alto,2,5mais,pequeno,medio,inaceitavel
medio,alto,2,5mais,pequeno,alto,inaceitavel
medio,alto,2,5mais,medio,baixo,inaceitavel
medio,alto,2,5mais,medio,medio,inaceitavel
medio,alto,2,5mais,medio,alto,aceitavel
medio,alto,2,5mais,grande,baixo,inaceitavel
medio,alto,2,5mais,grande,medio,aceitavel
medio,alto,2,5mais,grande,alto,aceitavel
medio,alto,3,2,pequeno,baixo,inaceitavel
medio,alto,3,2,pequeno,medio,inaceitavel
medio,alto,3,2,pequeno,alto,inaceitavel
medio,alto,3,2,medio,baixo,inaceitavel
medio,alto,3,2,medio,medio,inaceitavel
medio,alto,3,2,medio,alto,inaceitavel
medio,alto,3,2,grande,baixo,inaceitavel
medio,alto,3,2,grande,medio,inaceitavel
medio,alto,3,2,grande,alto,inaceitavel
medio,alto,3,4,pequeno,baixo,inaceitavel
medio,alto,3,4,pequeno,medio,inaceitavel
medio,alto,3,4,pequeno,alto,aceitavel
medio,alto,3,4,medio,baixo,inaceitavel
medio,alto,3,4,medio,medio,inaceitavel
medio,alto,3,4,medio,alto,aceitavel
medio,alto,3,4,grande,baixo,inaceitavel
medio,alto,3,4,grande,medio,aceitavel
medio,alto,3,4,grande,alto,aceitavel
medio,alto,3,5mais,pequeno,baixo,inaceitavel
medio,alto,3,5mais,pequeno,medio,inaceitavel
medio,alto,3,5mais,pequeno,alto,aceitavel
medio,alto,3,5mais,medio,baixo,inaceitavel
medio,alto,3,5mais,medio,medio,aceitavel
medio,alto,3,5mais,medio,alto,aceitavel
medio,alto,3,5mais,grande,baixo,inaceitavel
medio,alto,3,5mais,grande,medio,aceitavel
medio,alto,3,5mais,grande,alto,aceitavel
medio,alto,4,2,pequeno,baixo,inaceitavel
medio,alto,4,2,pequeno,medio,inaceitavel
medio,alto,4,2,pequeno,alto,inaceitavel
medio,alto,4,2,medio,baixo,inaceitavel
medio,alto,4,2,medio,medio,inaceitavel
medio,alto,4,2,medio,alto,inaceitavel
medio,alto,4,2,grande,baixo,inaceitavel
medio,alto,4,2,grande,medio,inaceitavel
medio,alto,4,2,grande,alto,inaceitavel
medio,alto,4,4,pequeno,baixo,inaceitavel
medio,alto,4,4,pequeno,medio,inaceitavel
medio,alto,4,4,pequeno,alto,aceitavel
medio,alto,4,4,medio,baixo,inaceitavel
medio,alto,4,4,medio,medio,aceitavel
medio,alto,4,4,medio,alto,aceitavel
medio,alto,4,4,grande,baixo,inaceitavel
medio,alto,4,4,grande,medio,aceitavel
medio,alto,4,4,grande,alto,aceitavel
medio,alto,4,5mais,pequeno,baixo,inaceitavel
medio,alto,4,5mais,pequeno,medio,inaceitavel
medio,alto,4,5mais,pequeno,alto,aceitavel
medio,alto,4,5mais,medio,baixo,inaceitavel
medio,alto,4,5mais,medio,medio,aceitavel
medio,alto,4,5mais,medio,alto,aceitavel
medio,alto,4,5mais,grande,baixo,inaceitavel
medio,alto,4,5mais,grande,medio,aceitavel
medio,alto,4,5mais,grande,alto,aceitavel
medio,alto,5,2,pequeno,baixo,inaceitavel
medio,alto,5,2,pequeno,medio,inaceitavel
medio,alto,5,2,pequeno,alto,inaceitavel
medio,alto,5,2,medio,baixo,inaceitavel
medio,alto,5,2,medio,medio,inaceitavel
medio,alto,5,2,medio,alto,inaceitavel
medio,alto,5,2,grande,baixo,inaceitavel
medio,alto,5,2,grande,medio,inaceitavel
medio,alto,5,2,grande,alto,inaceitavel
medio,alto,5,4,pequeno,baixo,inaceitavel
medio,alto,5,4,pequeno,medio,inaceitavel
medio,alto,5,4,pequeno,alto,aceitavel
medio,alto,5,4,medio,baixo,inaceitavel
medio,alto,5,4,medio,medio,aceitavel
medio,alto,5,4,medio,alto,aceitavel
medio,alto,5,4,grande,baixo,inaceitavel
medio,alto,5,4,grande,medio,aceitavel
medio,alto,5,4,grande,alto,aceitavel
medio,alto,5,5mais,pequeno,baixo,inaceitavel
medio,alto,5,5mais,pequeno,medio,inaceitavel
medio,alto,5,5mais,pequeno,alto,aceitavel
medio,alto,5,5mais,medio,baixo,inaceitavel
medio,alto,5,5mais,medio,medio,aceitavel
medio,alto,5,5mais,medio,alto,aceitavel
medio,alto,5,5mais,grande,baixo,inaceitavel
medio,alto,5,5mais,grande,medio,aceitavel
medio,alto,5,5mais,grande,alto,aceitavel
medio,medio,2,2,pequeno,baixo,inaceitavel
medio,medio,2,2,pequeno,medio,inaceitavel
medio,medio,2,2,pequeno,alto,inaceitavel
medio,medio,2,2,medio,baixo,inaceitavel
medio,medio,2,2,medio,medio,inaceitavel
medio,medio,2,2,medio,alto,inaceitavel
medio,medio,2,2,grande,baixo,inaceitavel
medio,medio,2,2,grande,medio,inaceitavel
medio,medio,2,2,grande,alto,inaceitavel
medio,medio,2,4,pequeno,baixo,inaceitavel
medio,medio,2,4,pequeno,medio,aceitavel
medio,medio,2,4,pequeno,alto,aceitavel
medio,medio,2,4,medio,baixo,inaceitavel
medio,medio,2,4,medio,medio,aceitavel
medio,medio,2,4,medio,alto,aceitavel
medio,medio,2,4,grande,baixo,inaceitavel
medio,medio,2,4,grande,medio,aceitavel
medio,medio,2,4,grande,alto,otimo
medio,medio,2,5mais,pequeno,baixo,inaceitavel
medio,medio,2,5mais,pequeno,medio,inaceitavel
medio,medio,2,5mais,pequeno,alto,inaceitavel
medio,medio,2,5mais,medio,baixo,inaceitavel
medio,medio,2,5mais,medio,medio,aceitavel
medio,medio,2,5mais,medio,alto,aceitavel
medio,medio,2,5mais,grande,baixo,inaceitavel
medio,medio,2,5mais,grande,medio,aceitavel
medio,medio,2,5mais,grande,alto,otimo
medio,medio,3,2,pequeno,baixo,inaceitavel
medio,medio,3,2,pequeno,medio,inaceitavel
medio,medio,3,2,pequeno,alto,inaceitavel
medio,medio,3,2,medio,baixo,inaceitavel
medio,medio,3,2,medio,medio,inaceitavel
medio,medio,3,2,medio,alto,inaceitavel
medio,medio,3,2,grande,baixo,inaceitavel
medio,medio,3,2,grande,medio,inaceitavel
medio,medio,3,2,grande,alto,inaceitavel
medio,medio,3,4,pequeno,baixo,inaceitavel
medio,medio,3,4,pequeno,medio,aceitavel
medio,medio,3,4,pequeno,alto,aceitavel
medio,medio,3,4,medio,baixo,inaceitavel
medio,medio,3,4,medio,medio,aceitavel
medio,medio,3,4,medio,alto,aceitavel
medio,medio,3,4,grande,baixo,inaceitavel
medio,medio,3,4,grande,medio,aceitavel
medio,medio,3,4,grande,alto,otimo
medio,medio,3,5mais,pequeno,baixo,inaceitavel
medio,medio,3,5mais,pequeno,medio,aceitavel
medio,medio,3,5mais,pequeno,alto,aceitavel
medio,medio,3,5mais,medio,baixo,inaceitavel
medio,medio,3,5mais,medio,medio,aceitavel
medio,medio,3,5mais,medio,alto,otimo
medio,medio,3,5mais,grande,baixo,inaceitavel
medio,medio,3,5mais,grande,medio,aceitavel
medio,medio,3,5mais,grande,alto,otimo
medio,medio,4,2,pequeno,baixo,inaceitavel
medio,medio,4,2,pequeno,medio,inaceitavel
medio,medio,4,2,pequeno,alto,inaceitavel
medio,medio,4,2,medio,baixo,inaceitavel
medio,medio,4,2,medio,medio,inaceitavel
medio,medio,4,2,medio,alto,inaceitavel
medio,medio,4,2,grande,baixo,inaceitavel
medio,medio,4,2,grande,medio,inaceitavel
medio,medio,4,2,grande,alto,inaceitavel
medio,medio,4,4,pequeno,baixo,inaceitavel
medio,medio,4,4,pequeno,medio,aceitavel
medio,medio,4,4,pequeno,alto,aceitavel
medio,medio,4,4,medio,baixo,inaceitavel
medio,medio,4,4,medio,medio,aceitavel
medio,medio,4,4,medio,alto,otimo
medio,medio,4,4,grande,baixo,inaceitavel
medio,medio,4,4,grande,medio,aceitavel
medio,medio,4,4,grande,alto,otimo
medio,medio,4,5mais,pequeno,baixo,inaceitavel
medio,medio,4,5mais,pequeno,medio,aceitavel
medio,medio,4,5mais,pequeno,alto,aceitavel
medio,medio,4,5mais,medio,baixo,inaceitavel
medio,medio,4,5mais,medio,medio,aceitavel
medio,medio,4,5mais,medio,alto,otimo
medio,medio,4,5mais,grande,baixo,inaceitavel
medio,medio,4,5mais,grande,medio,aceitavel
medio,medio,4,5mais,grande,alto,otimo
medio,medio,5,2,pequeno,baixo,inaceitavel
medio,medio,5,2,pequeno,medio,inaceitavel
medio,medio,5,2,pequeno,alto,inaceitavel
medio,medio,5,2,medio,baixo,inaceitavel
medio,medio,5,2,medio,medio,inaceitavel
medio,medio,5,2,medio,alto,inaceitavel
medio,medio,5,2,grande,baixo,inaceitavel
medio,medio,5,2,grande,medio,inaceitavel
medio,medio,5,2,grande,alto,inaceitavel
medio,medio,5,4,pequeno,baixo,inaceitavel
medio,medio,5,4,pequeno,medio,aceitavel
medio,medio,5,4,pequeno,alto,aceitavel
medio,medio,5,4,medio,baixo,inaceitavel
medio,medio,5,4,medio,medio,aceitavel
medio,medio,5,4,medio,alto,otimo
medio,medio,5,4,grande,baixo,inaceitavel
medio,medio,5,4,grande,medio,aceitavel
medio,medio,5,4,grande,alto,otimo
medio,medio,5,5mais,pequeno,baixo,inaceitavel
medio,medio,5,5mais,pequeno,medio,aceitavel
medio,medio,5,5mais,pequeno,alto,aceitavel
medio,medio,5,5mais,medio,baixo,inaceitavel
medio,medio,5,5mais,medio,medio,aceitavel
medio,medio,5,5mais,medio,alto,otimo
medio,medio,5,5mais,grande,baixo,inaceitavel
medio,medio,5,5mais,grande,medio,aceitavel
medio,medio,5,5mais,grande,alto,otimo
medio,baixo,2,2,pequeno,baixo,inaceitavel
medio,baixo,2,2,pequeno,medio,inaceitavel
medio,baixo,2,2,pequeno,alto,inaceitavel
medio,baixo,2,2,medio,baixo,inaceitavel
medio,baixo,2,2,medio,medio,inaceitavel
medio,baixo,2,2,medio,alto,inaceitavel
medio,baixo,2,2,grande,baixo,inaceitavel
medio,baixo,2,2,grande,medio,inaceitavel
medio,baixo,2,2,grande,alto,inaceitavel
medio,baixo,2,4,pequeno,baixo,inaceitavel
medio,baixo,2,4,pequeno,medio,aceitavel
medio,baixo,2,4,pequeno,alto,bom
medio,baixo,2,4,medio,baixo,inaceitavel
medio,baixo,2,4,medio,medio,aceitavel
medio,baixo,2,4,medio,alto,bom
medio,baixo,2,4,grande,baixo,inaceitavel
medio,baixo,2,4,grande,medio,bom
medio,baixo,2,4,grande,alto,otimo
medio,baixo,2,5mais,pequeno,baixo,inaceitavel
medio,baixo,2,5mais,pequeno,medio,inaceitavel
medio,baixo,2,5mais,pequeno,alto,inaceitavel
medio,baixo,2,5mais,medio,baixo,inaceitavel
medio,baixo,2,5mais,medio,medio,aceitavel
medio,baixo,2,5mais,medio,alto,bom
medio,baixo,2,5mais,grande,baixo,inaceitavel
medio,baixo,2,5mais,grande,medio,bom
medio,baixo,2,5mais,grande,alto,otimo
medio,baixo,3,2,pequeno,baixo,inaceitavel
medio,baixo,3,2,pequeno,medio,inaceitavel
medio,baixo,3,2,pequeno,alto,inaceitavel
medio,baixo,3,2,medio,baixo,inaceitavel
medio,baixo,3,2,medio,medio,inaceitavel
medio,baixo,3,2,medio,alto,inaceitavel
medio,baixo,3,2,grande,baixo,inaceitavel
medio,baixo,3,2,grande,medio,inaceitavel
medio,baixo,3,2,grande,alto,inaceitavel
medio,baixo,3,4,pequeno,baixo,inaceitavel
medio,baixo,3,4,pequeno,medio,aceitavel
medio,baixo,3,4,pequeno,alto,bom
medio,baixo,3,4,medio,baixo,inaceitavel
medio,baixo,3,4,medio,medio,aceitavel
medio,baixo,3,4,medio,alto,bom
medio,baixo,3,4,grande,baixo,inaceitavel
medio,baixo,3,4,grande,medio,bom
medio,baixo,3,4,grande,alto,otimo
medio,baixo,3,5mais,pequeno,baixo,inaceitavel
medio,baixo,3,5mais,pequeno,medio,aceitavel
medio,baixo,3,5mais,pequeno,alto,bom
medio,baixo,3,5mais,medio,baixo,inaceitavel
medio,baixo,3,5mais,medio,medio,bom
medio,baixo,3,5mais,medio,alto,otimo
medio,baixo,3,5mais,grande,baixo,inaceitavel
medio,baixo,3,5mais,grande,medio,bom
medio,baixo,3,5mais,grande,alto,otimo
medio,baixo,4,2,pequeno,baixo,inaceitavel
medio,baixo,4,2,pequeno,medio,inaceitavel
medio,baixo,4,2,pequeno,alto,inaceitavel
medio,baixo,4,2,medio,baixo,inaceitavel
medio,baixo,4,2,medio,medio,inaceitavel
medio,baixo,4,2,medio,alto,inaceitavel
medio,baixo,4,2,grande,baixo,inaceitavel
medio,baixo,4,2,grande,medio,inaceitavel
medio,baixo,4,2,grande,alto,inaceitavel
medio,baixo,4,4,pequeno,baixo,inaceitavel
medio,baixo,4,4,pequeno,medio,aceitavel
medio,baixo,4,4,pequeno,alto,bom
medio,baixo,4,4,medio,baixo,inaceitavel
medio,baixo,4,4,medio,medio,bom
medio,baixo,4,4,medio,alto,otimo
medio,baixo,4,4,grande,baixo,inaceitavel
medio,baixo,4,4,grande,medio,bom
medio,baixo,4,4,grande,alto,otimo
medio,baixo,4,5mais,pequeno,baixo,inaceitavel
medio,baixo,4,5mais,pequeno,medio,aceitavel
medio,baixo,4,5mais,pequeno,alto,bom
medio,baixo,4,5mais,medio,baixo,inaceitavel
medio,baixo,4,5mais,medio,medio,bom
medio,baixo,4,5mais,medio,alto,otimo
medio,baixo,4,5mais,grande,baixo,inaceitavel
medio,baixo,4,5mais,grande,medio,bom
medio,baixo,4,5mais,grande,alto,otimo
medio,baixo,5,2,pequeno,baixo,inaceitavel
medio,baixo,5,2,pequeno,medio,inaceitavel
medio,baixo,5,2,pequeno,alto,inaceitavel
medio,baixo,5,2,medio,baixo,inaceitavel
medio,baixo,5,2,medio,medio,inaceitavel
medio,baixo,5,2,medio,alto,inaceitavel
medio,baixo,5,2,grande,baixo,inaceitavel
medio,baixo,5,2,grande,medio,inaceitavel
medio,baixo,5,2,grande,alto,inaceitavel
medio,baixo,5,4,pequeno,baixo,inaceitavel
medio,baixo,5,4,pequeno,medio,aceitavel
medio,baixo,5,4,pequeno,alto,bom
medio,baixo,5,4,medio,baixo,inaceitavel
medio,baixo,5,4,medio,medio,bom
medio,baixo,5,4,medio,alto,otimo
medio,baixo,5,4,grande,baixo,inaceitavel
medio,baixo,5,4,grande,medio,bom
medio,baixo,5,4,grande,alto,otimo
medio,baixo,5,5mais,pequeno,baixo,inaceitavel
medio,baixo,5,5mais,pequeno,medio,aceitavel
medio,baixo,5,5mais,pequeno,alto,bom
medio,baixo,5,5mais,medio,baixo,inaceitavel
medio,baixo,5,5mais,medio,medio,bom
medio,baixo,5,5mais,medio,alto,otimo
medio,baixo,5,5mais,grande,baixo,inaceitavel
medio,baixo,5,5mais,grande,medio,bom
medio,baixo,5,5mais,grande,alto,otimo
baixo,altissimo,2,2,pequeno,baixo,inaceitavel
baixo,altissimo,2,2,pequeno,medio,inaceitavel
baixo,altissimo,2,2,pequeno,alto,inaceitavel
baixo,altissimo,2,2,medio,baixo,inaceitavel
baixo,altissimo,2,2,medio,medio,inaceitavel
baixo,altissimo,2,2,medio,alto,inaceitavel
baixo,altissimo,2,2,grande,baixo,inaceitavel
baixo,altissimo,2,2,grande,medio,inaceitavel
baixo,altissimo,2,2,grande,alto,inaceitavel
baixo,altissimo,2,4,pequeno,baixo,inaceitavel
baixo,altissimo,2,4,pequeno,medio,inaceitavel
baixo,altissimo,2,4,pequeno,alto,aceitavel
baixo,altissimo,2,4,medio,baixo,inaceitavel
baixo,altissimo,2,4,medio,medio,inaceitavel
baixo,altissimo,2,4,medio,alto,aceitavel
baixo,altissimo,2,4,grande,baixo,inaceitavel
baixo,altissimo,2,4,grande,medio,aceitavel
baixo,altissimo,2,4,grande,alto,aceitavel
baixo,altissimo,2,5mais,pequeno,baixo,inaceitavel
baixo,altissimo,2,5mais,pequeno,medio,inaceitavel
baixo,altissimo,2,5mais,pequeno,alto,inaceitavel
baixo,altissimo,2,5mais,medio,baixo,inaceitavel
baixo,altissimo,2,5mais,medio,medio,inaceitavel
baixo,altissimo,2,5mais,medio,alto,aceitavel
baixo,altissimo,2,5mais,grande,baixo,inaceitavel
baixo,altissimo,2,5mais,grande,medio,aceitavel
baixo,altissimo,2,5mais,grande,alto,aceitavel
baixo,altissimo,3,2,pequeno,baixo,inaceitavel
baixo,altissimo,3,2,pequeno,medio,inaceitavel
baixo,altissimo,3,2,pequeno,alto,inaceitavel
baixo,altissimo,3,2,medio,baixo,inaceitavel
baixo,altissimo,3,2,medio,medio,inaceitavel
baixo,altissimo,3,2,medio,alto,inaceitavel
baixo,altissimo,3,2,grande,baixo,inaceitavel
baixo,altissimo,3,2,grande,medio,inaceitavel
baixo,altissimo,3,2,grande,alto,inaceitavel
baixo,altissimo,3,4,pequeno,baixo,inaceitavel
baixo,altissimo,3,4,pequeno,medio,inaceitavel
baixo,altissimo,3,4,pequeno,alto,aceitavel
baixo,altissimo,3,4,medio,baixo,inaceitavel
baixo,altissimo,3,4,medio,medio,inaceitavel
baixo,altissimo,3,4,medio,alto,aceitavel
baixo,altissimo,3,4,grande,baixo,inaceitavel
baixo,altissimo,3,4,grande,medio,aceitavel
baixo,altissimo,3,4,grande,alto,aceitavel
baixo,altissimo,3,5mais,pequeno,baixo,inaceitavel
baixo,altissimo,3,5mais,pequeno,medio,inaceitavel
baixo,altissimo,3,5mais,pequeno,alto,aceitavel
baixo,altissimo,3,5mais,medio,baixo,inaceitavel
baixo,altissimo,3,5mais,medio,medio,aceitavel
baixo,altissimo,3,5mais,medio,alto,aceitavel
baixo,altissimo,3,5mais,grande,baixo,inaceitavel
baixo,altissimo,3,5mais,grande,medio,aceitavel
baixo,altissimo,3,5mais,grande,alto,aceitavel
baixo,altissimo,4,2,pequeno,baixo,inaceitavel
baixo,altissimo,4,2,pequeno,medio,inaceitavel
baixo,altissimo,4,2,pequeno,alto,inaceitavel
baixo,altissimo,4,2,medio,baixo,inaceitavel
baixo,altissimo,4,2,medio,medio,inaceitavel
baixo,altissimo,4,2,medio,alto,inaceitavel
baixo,altissimo,4,2,grande,baixo,inaceitavel
baixo,altissimo,4,2,grande,medio,inaceitavel
baixo,altissimo,4,2,grande,alto,inaceitavel
baixo,altissimo,4,4,pequeno,baixo,inaceitavel
baixo,altissimo,4,4,pequeno,medio,inaceitavel
baixo,altissimo,4,4,pequeno,alto,aceitavel
baixo,altissimo,4,4,medio,baixo,inaceitavel
baixo,altissimo,4,4,medio,medio,aceitavel
baixo,altissimo,4,4,medio,alto,aceitavel
baixo,altissimo,4,4,grande,baixo,inaceitavel
baixo,altissimo,4,4,grande,medio,aceitavel
baixo,altissimo,4,4,grande,alto,aceitavel
baixo,altissimo,4,5mais,pequeno,baixo,inaceitavel
baixo,altissimo,4,5mais,pequeno,medio,inaceitavel
baixo,altissimo,4,5mais,pequeno,alto,aceitavel
baixo,altissimo,4,5mais,medio,baixo,inaceitavel
baixo,altissimo,4,5mais,medio,medio,aceitavel
baixo,altissimo,4,5mais,medio,alto,aceitavel
baixo,altissimo,4,5mais,grande,baixo,inaceitavel
baixo,altissimo,4,5mais,grande,medio,aceitavel
baixo,altissimo,4,5mais,grande,alto,aceitavel
baixo,altissimo,5,2,pequeno,baixo,inaceitavel
baixo,altissimo,5,2,pequeno,medio,inaceitavel
baixo,altissimo,5,2,pequeno,alto,inaceitavel
baixo,altissimo,5,2,medio,baixo,inaceitavel
baixo,altissimo,5,2,medio,medio,inaceitavel
baixo,altissimo,5,2,medio,alto,inaceitavel
baixo,altissimo,5,2,grande,baixo,inaceitavel
baixo,altissimo,5,2,grande,medio,inaceitavel
baixo,altissimo,5,2,grande,alto,inaceitavel
baixo,altissimo,5,4,pequeno,baixo,inaceitavel
baixo,altissimo,5,4,pequeno,medio,inaceitavel
baixo,altissimo,5,4,pequeno,alto,aceitavel
baixo,altissimo,5,4,medio,baixo,inaceitavel
baixo,altissimo,5,4,medio,medio,aceitavel
baixo,altissimo,5,4,medio,alto,aceitavel
baixo,altissimo,5,4,grande,baixo,inaceitavel
baixo,altissimo,5,4,grande,medio,aceitavel
baixo,altissimo,5,4,grande,alto,aceitavel
baixo,altissimo,5,5mais,pequeno,baixo,inaceitavel
baixo,altissimo,5,5mais,pequeno,medio,inaceitavel
baixo,altissimo,5,5mais,pequeno,alto,aceitavel
baixo,altissimo,5,5mais,medio,baixo,inaceitavel
baixo,altissimo,5,5mais,medio,medio,aceitavel
baixo,altissimo,5,5mais,medio,alto,aceitavel
baixo,altissimo,5,5mais,grande,baixo,inaceitavel
baixo,altissimo,5,5mais,grande,medio,aceitavel
baixo,altissimo,5,5mais,grande,alto,aceitavel
baixo,alto,2,2,pequeno,baixo,inaceitavel
baixo,alto,2,2,pequeno,medio,inaceitavel
baixo,alto,2,2,pequeno,alto,inaceitavel
baixo,alto,2,2,medio,baixo,inaceitavel
baixo,alto,2,2,medio,medio,inaceitavel
baixo,alto,2,2,medio,alto,inaceitavel
baixo,alto,2,2,grande,baixo,inaceitavel
baixo,alto,2,2,grande,medio,inaceitavel
baixo,alto,2,2,grande,alto,inaceitavel
baixo,alto,2,4,pequeno,baixo,inaceitavel
baixo,alto,2,4,pequeno,medio,aceitavel
baixo,alto,2,4,pequeno,alto,aceitavel
baixo,alto,2,4,medio,baixo,inaceitavel
baixo,alto,2,4,medio,medio,aceitavel
baixo,alto,2,4,medio,alto,aceitavel
baixo,alto,2,4,grande,baixo,inaceitavel
baixo,alto,2,4,grande,medio,aceitavel
baixo,alto,2,4,grande,alto,otimo
baixo,alto,2,5mais,pequeno,baixo,inaceitavel
baixo,alto,2,5mais,pequeno,medio,inaceitavel
baixo,alto,2,5mais,pequeno,alto,inaceitavel
baixo,alto,2,5mais,medio,baixo,inaceitavel
baixo,alto,2,5mais,medio,medio,aceitavel
baixo,alto,2,5mais,medio,alto,aceitavel
baixo,alto,2,5mais,grande,baixo,inaceitavel
baixo,alto,2,5mais,grande,medio,aceitavel
baixo,alto,2,5mais,grande,alto,otimo
baixo,alto,3,2,pequeno,baixo,inaceitavel
baixo,alto,3,2,pequeno,medio,inaceitavel
baixo,alto,3,2,pequeno,alto,inaceitavel
baixo,alto,3,2,medio,baixo,inaceitavel
baixo,alto,3,2,medio,medio,inaceitavel
baixo,alto,3,2,medio,alto,inaceitavel
baixo,alto,3,2,grande,baixo,inaceitavel
baixo,alto,3,2,grande,medio,inaceitavel
baixo,alto,3,2,grande,alto,inaceitavel
baixo,alto,3,4,pequeno,baixo,inaceitavel
baixo,alto,3,4,pequeno,medio,aceitavel
baixo,alto,3,4,pequeno,alto,aceitavel
baixo,alto,3,4,medio,baixo,inaceitavel
baixo,alto,3,4,medio,medio,aceitavel
baixo,alto,3,4,medio,alto,aceitavel
baixo,alto,3,4,grande,baixo,inaceitavel
baixo,alto,3,4,grande,medio,aceitavel
baixo,alto,3,4,grande,alto,otimo
baixo,alto,3,5mais,pequeno,baixo,inaceitavel
baixo,alto,3,5mais,pequeno,medio,aceitavel
baixo,alto,3,5mais,pequeno,alto,aceitavel
baixo,alto,3,5mais,medio,baixo,inaceitavel
baixo,alto,3,5mais,medio,medio,aceitavel
baixo,alto,3,5mais,medio,alto,otimo
baixo,alto,3,5mais,grande,baixo,inaceitavel
baixo,alto,3,5mais,grande,medio,aceitavel
baixo,alto,3,5mais,grande,alto,otimo
baixo,alto,4,2,pequeno,baixo,inaceitavel
baixo,alto,4,2,pequeno,medio,inaceitavel
baixo,alto,4,2,pequeno,alto,inaceitavel
baixo,alto,4,2,medio,baixo,inaceitavel
baixo,alto,4,2,medio,medio,inaceitavel
baixo,alto,4,2,medio,alto,inaceitavel
baixo,alto,4,2,grande,baixo,inaceitavel
baixo,alto,4,2,grande,medio,inaceitavel
baixo,alto,4,2,grande,alto,inaceitavel
baixo,alto,4,4,pequeno,baixo,inaceitavel
baixo,alto,4,4,pequeno,medio,aceitavel
baixo,alto,4,4,pequeno,alto,aceitavel
baixo,alto,4,4,medio,baixo,inaceitavel
baixo,alto,4,4,medio,medio,aceitavel
baixo,alto,4,4,medio,alto,otimo
baixo,alto,4,4,grande,baixo,inaceitavel
baixo,alto,4,4,grande,medio,aceitavel
baixo,alto,4,4,grande,alto,otimo
baixo,alto,4,5mais,pequeno,baixo,inaceitavel
baixo,alto,4,5mais,pequeno,medio,aceitavel
baixo,alto,4,5mais,pequeno,alto,aceitavel
baixo,alto,4,5mais,medio,baixo,inaceitavel
baixo,alto,4,5mais,medio,medio,aceitavel
baixo,alto,4,5mais,medio,alto,otimo
baixo,alto,4,5mais,grande,baixo,inaceitavel
baixo,alto,4,5mais,grande,medio,aceitavel
baixo,alto,4,5mais,grande,alto,otimo
baixo,alto,5,2,pequeno,baixo,inaceitavel
baixo,alto,5,2,pequeno,medio,inaceitavel
baixo,alto,5,2,pequeno,alto,inaceitavel
baixo,alto,5,2,medio,baixo,inaceitavel
baixo,alto,5,2,medio,medio,inaceitavel
baixo,alto,5,2,medio,alto,inaceitavel
baixo,alto,5,2,grande,baixo,inaceitavel
baixo,alto,5,2,grande,medio,inaceitavel
baixo,alto,5,2,grande,alto,inaceitavel
baixo,alto,5,4,pequeno,baixo,inaceitavel
baixo,alto,5,4,pequeno,medio,aceitavel
baixo,alto,5,4,pequeno,alto,aceitavel
baixo,alto,5,4,medio,baixo,inaceitavel
baixo,alto,5,4,medio,medio,aceitavel
baixo,alto,5,4,medio,alto,otimo
baixo,alto,5,4,grande,baixo,inaceitavel
baixo,alto,5,4,grande,medio,aceitavel
baixo,alto,5,4,grande,alto,otimo
baixo,alto,5,5mais,pequeno,baixo,inaceitavel
baixo,alto,5,5mais,pequeno,medio,aceitavel
baixo,alto,5,5mais,pequeno,alto,aceitavel
baixo,alto,5,5mais,medio,baixo,inaceitavel
baixo,alto,5,5mais,medio,medio,aceitavel
baixo,alto,5,5mais,medio,alto,otimo
baixo,alto,5,5mais,grande,baixo,inaceitavel
baixo,alto,5,5mais,grande,medio,aceitavel
baixo,alto,5,5mais,grande,alto,otimo
baixo,medio,2,2,pequeno,baixo,inaceitavel
baixo,medio,2,2,pequeno,medio,inaceitavel
baixo,medio,2,2,pequeno,alto,inaceitavel
baixo,medio,2,2,medio,baixo,inaceitavel
baixo,medio,2,2,medio,medio,inaceitavel
baixo,medio,2,2,medio,alto,inaceitavel
baixo,medio,2,2,grande,baixo,inaceitavel
baixo,medio,2,2,grande,medio,inaceitavel
baixo,medio,2,2,grande,alto,inaceitavel
baixo,medio,2,4,pequeno,baixo,inaceitavel
baixo,medio,2,4,pequeno,medio,aceitavel
baixo,medio,2,4,pequeno,alto,bom
baixo,medio,2,4,medio,baixo,inaceitavel
baixo,medio,2,4,medio,medio,aceitavel
baixo,medio,2,4,medio,alto,bom
baixo,medio,2,4,grande,baixo,inaceitavel
baixo,medio,2,4,grande,medio,bom
baixo,medio,2,4,grande,alto,otimo
baixo,medio,2,5mais,pequeno,baixo,inaceitavel
baixo,medio,2,5mais,pequeno,medio,inaceitavel
baixo,medio,2,5mais,pequeno,alto,inaceitavel
baixo,medio,2,5mais,medio,baixo,inaceitavel
baixo,medio,2,5mais,medio,medio,aceitavel
baixo,medio,2,5mais,medio,alto,bom
baixo,medio,2,5mais,grande,baixo,inaceitavel
baixo,medio,2,5mais,grande,medio,bom
baixo,medio,2,5mais,grande,alto,otimo
baixo,medio,3,2,pequeno,baixo,inaceitavel
baixo,medio,3,2,pequeno,medio,inaceitavel
baixo,medio,3,2,pequeno,alto,inaceitavel
baixo,medio,3,2,medio,baixo,inaceitavel
baixo,medio,3,2,medio,medio,inaceitavel
baixo,medio,3,2,medio,alto,inaceitavel
baixo,medio,3,2,grande,baixo,inaceitavel
baixo,medio,3,2,grande,medio,inaceitavel
baixo,medio,3,2,grande,alto,inaceitavel
baixo,medio,3,4,pequeno,baixo,inaceitavel
baixo,medio,3,4,pequeno,medio,aceitavel
baixo,medio,3,4,pequeno,alto,bom
baixo,medio,3,4,medio,baixo,inaceitavel
baixo,medio,3,4,medio,medio,aceitavel
baixo,medio,3,4,medio,alto,bom
baixo,medio,3,4,grande,baixo,inaceitavel
baixo,medio,3,4,grande,medio,bom
baixo,medio,3,4,grande,alto,otimo
baixo,medio,3,5mais,pequeno,baixo,inaceitavel
baixo,medio,3,5mais,pequeno,medio,aceitavel
baixo,medio,3,5mais,pequeno,alto,bom
baixo,medio,3,5mais,medio,baixo,inaceitavel
baixo,medio,3,5mais,medio,medio,bom
baixo,medio,3,5mais,medio,alto,otimo
baixo,medio,3,5mais,grande,baixo,inaceitavel
baixo,medio,3,5mais,grande,medio,bom
baixo,medio,3,5mais,grande,alto,otimo
baixo,medio,4,2,pequeno,baixo,inaceitavel
baixo,medio,4,2,pequeno,medio,inaceitavel
baixo,medio,4,2,pequeno,alto,inaceitavel
baixo,medio,4,2,medio,baixo,inaceitavel
baixo,medio,4,2,medio,medio,inaceitavel
baixo,medio,4,2,medio,alto,inaceitavel
baixo,medio,4,2,grande,baixo,inaceitavel
baixo,medio,4,2,grande,medio,inaceitavel
baixo,medio,4,2,grande,alto,inaceitavel
baixo,medio,4,4,pequeno,baixo,inaceitavel
baixo,medio,4,4,pequeno,medio,aceitavel
baixo,medio,4,4,pequeno,alto,bom
baixo,medio,4,4,medio,baixo,inaceitavel
baixo,medio,4,4,medio,medio,bom
baixo,medio,4,4,medio,alto,otimo
baixo,medio,4,4,grande,baixo,inaceitavel
baixo,medio,4,4,grande,medio,bom
baixo,medio,4,4,grande,alto,otimo
baixo,medio,4,5mais,pequeno,baixo,inaceitavel
baixo,medio,4,5mais,pequeno,medio,aceitavel
baixo,medio,4,5mais,pequeno,alto,bom
baixo,medio,4,5mais,medio,baixo,inaceitavel
baixo,medio,4,5mais,medio,medio,bom
baixo,medio,4,5mais,medio,alto,otimo
baixo,medio,4,5mais,grande,baixo,inaceitavel
baixo,medio,4,5mais,grande,medio,bom
baixo,medio,4,5mais,grande,alto,otimo
baixo,medio,5,2,pequeno,baixo,inaceitavel
baixo,medio,5,2,pequeno,medio,inaceitavel
baixo,medio,5,2,pequeno,alto,inaceitavel
baixo,medio,5,2,medio,baixo,inaceitavel
baixo,medio,5,2,medio,medio,inaceitavel
baixo,medio,5,2,medio,alto,inaceitavel
baixo,medio,5,2,grande,baixo,inaceitavel
baixo,medio,5,2,grande,medio,inaceitavel
baixo,medio,5,2,grande,alto,inaceitavel
baixo,medio,5,4,pequeno,baixo,inaceitavel
baixo,medio,5,4,pequeno,medio,aceitavel
baixo,medio,5,4,pequeno,alto,bom
baixo,medio,5,4,medio,baixo,inaceitavel
baixo,medio,5,4,medio,medio,bom
baixo,medio,5,4,medio,alto,otimo
baixo,medio,5,4,grande,baixo,inaceitavel
baixo,medio,5,4,grande,medio,bom
baixo,medio,5,4,grande,alto,otimo
baixo,medio,5,5mais,pequeno,baixo,inaceitavel
baixo,medio,5,5mais,pequeno,medio,aceitavel
baixo,medio,5,5mais,pequeno,alto,bom
baixo,medio,5,5mais,medio,baixo,inaceitavel
baixo,medio,5,5mais,medio,medio,bom
baixo,medio,5,5mais,medio,alto,otimo
baixo,medio,5,5mais,grande,baixo,inaceitavel
baixo,medio,5,5mais,grande,medio,bom
baixo,medio,5,5mais,grande,alto,otimo
baixo,baixo,2,2,pequeno,baixo,inaceitavel
baixo,baixo,2,2,pequeno,medio,inaceitavel
baixo,baixo,2,2,pequeno,alto,inaceitavel
baixo,baixo,2,2,medio,baixo,inaceitavel
baixo,baixo,2,2,medio,medio,inaceitavel
baixo,baixo,2,2,medio,alto,inaceitavel
baixo,baixo,2,2,grande,baixo,inaceitavel
baixo,baixo,2,2,grande,medio,inaceitavel
baixo,baixo,2,2,grande,alto,inaceitavel
baixo,baixo,2,4,pequeno,baixo,inaceitavel
baixo,baixo,2,4,pequeno,medio,aceitavel
baixo,baixo,2,4,pequeno,alto,bom
baixo,baixo,2,4,medio,baixo,inaceitavel
baixo,baixo,2,4,medio,medio,aceitavel
baixo,baixo,2,4,medio,alto,bom
baixo,baixo,2,4,grande,baixo,inaceitavel
baixo,baixo,2,4,grande,medio,bom
baixo,baixo,2,4,grande,alto,otimo
baixo,baixo,2,5mais,pequeno,baixo,inaceitavel
baixo,baixo,2,5mais,pequeno,medio,inaceitavel
baixo,baixo,2,5mais,pequeno,alto,inaceitavel
baixo,baixo,2,5mais,medio,baixo,inaceitavel
baixo,baixo,2,5mais,medio,medio,aceitavel
baixo,baixo,2,5mais,medio,alto,bom
baixo,baixo,2,5mais,grande,baixo,inaceitavel
baixo,baixo,2,5mais,grande,medio,bom
baixo,baixo,2,5mais,grande,alto,otimo
baixo,baixo,3,2,pequeno,baixo,inaceitavel
baixo,baixo,3,2,pequeno,medio,inaceitavel
baixo,baixo,3,2,pequeno,alto,inaceitavel
baixo,baixo,3,2,medio,baixo,inaceitavel
baixo,baixo,3,2,medio,medio,inaceitavel
baixo,baixo,3,2,medio,alto,inaceitavel
baixo,baixo,3,2,grande,baixo,inaceitavel
baixo,baixo,3,2,grande,medio,inaceitavel
baixo,baixo,3,2,grande,alto,inaceitavel
baixo,baixo,3,4,pequeno,baixo,inaceitavel
baixo,baixo,3,4,pequeno,medio,aceitavel
baixo,baixo,3,4,pequeno,alto,bom
baixo,baixo,3,4,medio,baixo,inaceitavel
baixo,baixo,3,4,medio,medio,aceitavel
baixo,baixo,3,4,medio,alto,bom
baixo,baixo,3,4,grande,baixo,inaceitavel
baixo,baixo,3,4,grande,medio,bom
baixo,baixo,3,4,grande,alto,otimo
baixo,baixo,3,5mais,pequeno,baixo,inaceitavel
baixo,baixo,3,5mais,pequeno,medio,aceitavel
baixo,baixo,3,5mais,pequeno,alto,bom
baixo,baixo,3,5mais,medio,baixo,inaceitavel
baixo,baixo,3,5mais,medio,medio,bom
baixo,baixo,3,5mais,medio,alto,otimo
baixo,baixo,3,5mais,grande,baixo,inaceitavel
baixo,baixo,3,5mais,grande,medio,bom
baixo,baixo,3,5mais,grande,alto,otimo
baixo,baixo,4,2,pequeno,baixo,inaceitavel
baixo,baixo,4,2,pequeno,medio,inaceitavel
baixo,baixo,4,2,pequeno,alto,inaceitavel
baixo,baixo,4,2,medio,baixo,inaceitavel
baixo,baixo,4,2,medio,medio,inaceitavel
baixo,baixo,4,2,medio,alto,inaceitavel
baixo,baixo,4,2,grande,baixo,inaceitavel
baixo,baixo,4,2,grande,medio,inaceitavel
baixo,baixo,4,2,grande,alto,inaceitavel
baixo,baixo,4,4,pequeno,baixo,inaceitavel
baixo,baixo,4,4,pequeno,medio,aceitavel
baixo,baixo,4,4,pequeno,alto,bom
baixo,baixo,4,4,medio,baixo,inaceitavel
baixo,baixo,4,4,medio,medio,bom
baixo,baixo,4,4,medio,alto,otimo
baixo,baixo,4,4,grande,baixo,inaceitavel
baixo,baixo,4,4,grande,medio,bom
baixo,baixo,4,4,grande,alto,otimo
baixo,baixo,4,5mais,pequeno,baixo,inaceitavel
baixo,baixo,4,5mais,pequeno,medio,aceitavel
baixo,baixo,4,5mais,pequeno,alto,bom
baixo,baixo,4,5mais,medio,baixo,inaceitavel
baixo,baixo,4,5mais,medio,medio,bom
baixo,baixo,4,5mais,medio,alto,otimo
baixo,baixo,4,5mais,grande,baixo,inaceitavel
baixo,baixo,4,5mais,grande,medio,bom
baixo,baixo,4,5mais,grande,alto,otimo
baixo,baixo,5,2,pequeno,baixo,inaceitavel
baixo,baixo,5,2,pequeno,medio,inaceitavel
baixo,baixo,5,2,pequeno,alto,inaceitavel
baixo,baixo,5,2,medio,baixo,inaceitavel
baixo,baixo,5,2,medio,medio,inaceitavel
baixo,baixo,5,2,medio,alto,inaceitavel
baixo,baixo,5,2,grande,baixo,inaceitavel
baixo,baixo,5,2,grande,medio,inaceitavel
baixo,baixo,5,2,grande,alto,inaceitavel
baixo,baixo,5,4,pequeno,baixo,inaceitavel
baixo,baixo,5,4,pequeno,medio,aceitavel
baixo,baixo,5,4,pequeno,alto,bom
baixo,baixo,5,4,medio,baixo,inaceitavel
baixo,baixo,5,4,medio,medio,bom
baixo,baixo,5,4,medio,alto,otimo
baixo,baixo,5,4,grande,baixo,inaceitavel
baixo,baixo,5,4,grande,medio,bom
baixo,baixo,5,4,grande,alto,otimo
baixo,baixo,5,5mais,pequeno,baixo,inaceitavel
baixo,baixo,5,5mais,pequeno,medio,aceitavel
baixo,baixo,5,5mais,pequeno,alto,bom
baixo,baixo,5,5mais,medio,baixo,inaceitavel
baixo,baixo,5,5mais,medio,medio,bom
baixo,baixo,5,5mais,medio,alto,otimo
baixo,baixo,5,5mais,grande,baixo,inaceitavel
baixo,baixo,5,5mais,grande,medio,bom
baixo,baixo,5,5mais,grande,alto,otimo